4/1/2014,4.1300,4.3300,4.7300,5.4800,6.1500,6.7150,7.2800,8.1300,8.9300,9.0500
4/2/2014,4.1500,4.3500,4.7500,5.4800,6.1400,6.7000,7.2600,8.1100,8.8800,8.8600
4/3/2014,4.1600,4.3600,4.7500,5.4900,6.1500,6.7150,7.2800,8.1200,8.8900,8.8600
4/4/2014,4.2000,4.4100,4.8100,5.5500,6.2200,6.7750,7.3300,8.1700,8.9200,8.9300
4/7/2014,4.2800,4.4900,4.8900,5.6200,6.2700,6.8000,7.3300,8.1100,8.8300,9.0800
4/8/2014,4.2800,4.4900,4.8800,5.6100,6.2600,6.7900,7.3200,8.1100,8.8300,9.0100
4/10/2014,4.2200,4.4300,4.8300,5.5800,6.2600,6.8200,7.3800,8.2000,8.8900,8.6200
4/11/2014,4.1800,4.3900,4.8000,5.5700,6.2400,6.8000,7.3600,8.1700,8.8700,8.8200
4/14/2014,4.2200,4.4300,4.8300,5.5800,6.2500,6.8050,7.3600,8.1900,8.9000,8.7700
4/15/2014,4.2600,4.4700,4.8700,5.6000,6.2600,6.8050,7.3500,8.1500,8.8600,8.8900
4/16/2014,4.2000,4.4200,4.8500,5.6200,6.3000,6.8450,7.3900,8.1600,8.8300,8.9300
4/17/2014,4.2000,4.4300,4.8600,5.6300,6.3100,6.8550,7.4000,8.1700,8.8500,8.9900
4/18/2014,4.1700,4.3800,4.7900,5.5500,6.2300,6.7900,7.3500,8.1700,8.8900,8.8600
4/21/2014,4.1500,4.3700,4.7800,5.5400,6.2300,6.8000,7.3700,8.2100,8.9400,8.7900
4/22/2014,4.1900,4.4000,4.8100,5.5600,6.2300,6.7900,7.3500,8.1700,8.8800,8.7900
4/23/2014,4.0600,4.2700,4.6900,5.4600,6.1500,6.7250,7.3000,8.1400,8.8700,8.1600
4/24/2014,4.1200,4.3300,4.7100,5.4400,6.1100,6.6750,7.2400,8.1100,8.9000,8.9000
4/26/2014,4.1500,4.3500,4.7500,5.4800,6.1500,6.7050,7.2600,8.1000,8.8500,8.7900
4/28/2014,4.1500,4.3500,4.7500,5.4800,6.1500,6.7050,7.2600,8.1000,8.8500,8.7900
4/29/2014,4.1200,4.3200,4.7100,5.4300,6.0800,6.6350,7.1900,8.0300,8.8200,8.8400
5/5/2014,4.1500,4.3400,4.7000,5.4000,6.0600,6.6250,7.1900,8.0800,8.9000,8.8100
5/6/2014,4.1800,4.3800,4.7600,5.4700,6.1100,6.6600,7.2100,8.0500,8.8500,8.9700
5/7/2014,4.1400,4.3500,4.7500,5.4900,6.1500,6.7000,7.2500,8.0600,8.7700,8.6700
5/8/2014,4.1800,4.3700,4.7500,5.4600,6.1100,6.6550,7.2000,8.0400,8.8300,8.9600
5/9/2014,4.1100,4.3200,4.7200,5.4600,6.1200,6.6700,7.2200,8.0400,8.7700,8.8200
5/12/2014,4.1600,4.3500,4.7300,5.4500,6.1000,6.6650,7.2300,8.0900,8.8600,8.7600
5/15/2014,4.2100,4.4100,4.8000,5.5200,6.2000,6.7400,7.2800,8.1000,8.8300,8.7660
5/19/2014,4.2900,4.4700,4.8300,5.5200,6.1700,6.7450,7.3200,8.2000,8.9700,8.5800
5/20/2014,4.2500,4.4500,4.8300,5.5500,6.2000,6.7650,7.3300,8.1800,8.9100,8.6000
5/21/2014,4.2600,4.4600,4.8600,5.5900,6.2400,6.7850,7.3300,8.1300,8.8200,8.6800
5/22/2014,4.2300,4.4400,4.8400,5.5800,6.2500,6.8000,7.3500,8.1700,8.8600,8.6800
5/23/2014,4.2200,4.4300,4.8200,5.5900,6.2200,6.7750,7.3300,8.1500,8.8600,8.6700
5/26/2014,4.2200,4.4300,4.8300,5.5800,6.2300,6.7600,7.2900,8.0700,8.7600,8.9400
5/27/2014,4.1900,4.4200,4.8500,5.6300,6.2900,6.8050,7.3200,8.0200,8.6600,9.1200
5/28/2014,4.2200,4.4300,4.8500,5.6000,6.2600,6.7900,7.3200,8.0700,8.7500,8.9900
5/29/2014,4.2000,4.4100,4.8300,5.5800,6.2500,6.7900,7.3300,8.1100,8.7800,8.8300
5/30/2014,4.2300,4.4500,4.8700,5.6300,6.3000,6.8250,7.3500,8.0900,8.6900,8.7400
6/2/2014,4.2600,4.4800,4.9000,5.6500,6.3000,6.8250,7.3500,8.1000,8.7700,9.0500
6/3/2014,4.2500,4.4600,4.8800,5.6300,6.2900,6.8050,7.3200,8.0600,8.7300,9.0100
6/4/2014,4.2200,4.4300,4.8100,5.5300,6.1700,6.7150,7.2600,8.0800,8.8700,9.1200
6/6/2014,4.2300,4.4400,4.8400,5.5800,6.2400,6.7900,7.3400,8.1500,8.8200,8.5200
6/9/2014,4.2500,4.4600,4.8500,5.5900,6.2600,6.8100,7.3600,8.1800,8.8600,8.6200
6/10/2014,4.2700,4.4800,4.8700,5.6000,6.2600,6.8000,7.3400,8.1400,8.8500,8.8100
6/11/2014,4.2500,4.4500,4.8500,5.5800,6.2400,6.7850,7.3300,8.1400,8.8500,8.8000
6/12/2014,4.2300,4.4400,4.8400,5.5900,6.2500,6.7950,7.3400,8.1400,8.8300,8.8200
6/13/2014,4.1700,4.4000,4.8300,5.6200,6.3200,6.8900,7.4600,8.2600,8.8400,8.2500
6/16/2014,4.2800,4.4800,4.8600,5.5700,6.2100,6.7550,7.3000,8.1200,8.8800,8.8700
6/17/2014,4.2400,4.4400,4.8200,5.5400,6.1900,6.7400,7.2900,8.1100,8.8600,8.9300
6/18/2014,4.2300,4.4400,4.8300,5.5600,6.2100,6.7600,7.3100,8.1300,8.8400,8.7300
6/19/2014,4.2200,4.4300,4.8300,5.5700,6.2300,6.7700,7.3100,8.1000,8.8000,8.8300
6/20/2014,4.2500,4.4500,4.8400,5.5600,6.2100,6.7550,7.3000,8.1100,8.8200,8.7600
6/23/2014,4.1700,4.3900,4.8100,5.5800,6.2600,6.8150,7.3700,8.1500,8.8000,8.9300
6/24/2014,4.2400,4.4400,4.8300,5.5500,6.2100,6.7550,7.3000,8.1300,8.8600,8.7900
6/25/2014,4.2700,4.4700,4.8600,5.5800,6.2200,6.7650,7.3100,8.1300,8.8500,8.7900
6/26/2014,4.2800,4.4800,4.8600,5.5800,6.2200,6.7700,7.3200,8.1400,8.8800,8.8100
6/27/2014,4.2500,4.4500,4.8400,5.5700,6.2200,6.7700,7.3200,8.1600,8.9300,9.0000
6/30/2014,4.2000,4.4200,4.8300,5.5800,6.2400,6.7800,7.3200,8.0900,8.7800,8.9300
7/1/2014,4.2300,4.4300,4.8300,5.5700,6.2300,6.7750,7.3200,8.1700,8.8400,8.8200
7/2/2014,4.1880,4.3900,4.7900,5.5300,6.1800,6.7150,7.2500,8.0400,8.7860,8.9970
7/3/2014,4.2300,4.4200,4.8100,5.5200,6.1600,6.6950,7.2300,8.0400,8.7900,8.9500
7/4/2014,4.1800,4.3800,4.7700,5.5000,6.1400,6.6750,7.2100,7.8000,8.7400,9.0900
7/5/2014,4.2200,4.4200,4.7900,5.4800,6.1000,6.6250,7.1500,7.9500,8.7300,9.0200
7/8/2014,4.2300,4.3900,4.7100,5.3700,6.0100,6.5800,7.1500,8.0100,8.7800,8.9700
7/9/2014,4.1600,4.3500,4.7200,5.4000,6.0100,6.5300,7.0500,7.8500,8.6600,9.1400
7/10/2014,4.1500,4.3400,4.7200,5.4100,6.0400,6.5750,7.1100,7.9300,8.7100,8.9300
7/11/2014,4.1500,4.3400,4.7100,5.4100,6.0400,6.5750,7.1100,7.9400,8.7400,8.9800
7/14/2014,4.1500,4.3400,4.7000,5.3900,6.0000,6.5350,7.0700,7.9100,8.7300,9.0400
7/15/2014,4.1200,4.3100,4.6800,5.3600,5.9900,6.5200,7.0500,7.8800,8.7000,9.0000
7/16/2014,4.1300,4.3200,4.6800,5.3600,5.9700,6.5000,7.0300,7.8600,8.7000,9.1100
7/17/2014,4.1200,4.3100,4.6800,5.3500,5.9900,6.5400,7.0900,7.9600,8.8100,8.9600
7/18/2014,3.8600,4.0900,4.5500,5.3900,6.1400,6.7450,7.3500,8.1800,8.7200,7.7900
7/19/2014,4.0300,4.2200,4.5900,5.2700,5.9000,6.4450,6.9900,7.8400,8.7000,9.0400
7/22/2014,4.1600,4.2800,4.5600,5.1800,5.8300,6.4300,7.0300,7.9600,8.7800,8.9100
7/23/2014,4.1300,4.2700,4.5400,5.1400,5.7600,6.3700,6.9800,8.0400,9.0300,8.4000
7/24/2014,4.1200,4.2400,4.5200,5.1400,5.7900,6.3900,6.9900,7.9300,8.7800,8.9700
7/25/2014,4.0100,4.2000,4.5600,5.2400,5.8700,6.4150,6.9600,7.8200,8.7100,9.1300
7/28/2014,4.0600,4.2400,4.5900,5.2500,5.8600,6.3950,6.9300,7.7900,8.7200,9.3000
7/29/2014,4.0400,4.2300,4.5900,5.2600,5.8900,6.4300,6.9700,7.8300,8.7300,9.1900
7/30/2014,4.1300,4.2500,4.5200,5.1200,5.7500,6.3400,6.9300,7.8700,8.7400,9.1100
7/31/2014,4.0200,4.2000,4.5800,5.2200,5.8300,6.3500,6.8700,7.7000,8.5900,9.1300
8/1/2014,4.0300,4.2000,4.5300,5.1600,5.7500,6.2650,6.7800,7.6300,8.5600,9.2300
8/4/2014,4.1300,4.2400,4.4800,5.0400,5.6300,6.2050,6.7800,7.7200,8.6200,8.9800
8/5/2014,4.1400,4.2300,4.4400,4.9800,5.5800,6.1700,6.7600,7.7500,8.6600,8.9300
8/6/2014,4.0300,4.2000,4.5200,5.1400,5.7000,6.2000,6.7000,7.5200,8.4500,9.2600
8/7/2014,4.0000,4.1800,4.5100,5.1300,5.7100,6.2150,6.7200,7.5500,8.4900,9.3000
8/8/2014,4.0200,4.1800,4.5000,5.1000,5.6500,6.1450,6.6400,7.4600,8.3800,9.1600
8/12/2014,4.0530,4.2050,4.5010,5.0637,5.5870,6.0518,6.5166,7.2920,8.1720,8.9050
8/13/2014,4.1000,4.2400,4.5100,5.0500,5.5700,6.0450,6.5200,7.3200,8.2200,8.9800
8/14/2014,4.0200,4.1700,4.4800,5.0600,5.6000,6.0800,6.5600,7.3500,8.2300,8.8800
8/15/2014,4.0400,4.1900,4.4900,5.0600,5.5900,6.0650,6.5400,7.3300,8.2600,9.1000
8/18/2014,4.0300,4.1900,4.4900,5.0600,5.6000,6.0650,6.5300,7.3200,8.2100,9.0000
8/19/2014,4.0300,4.2000,4.5200,5.1200,5.6600,6.1250,6.5900,7.3300,8.1700,9.0500
8/20/2014,4.0200,4.1800,4.4900,5.0600,5.6000,6.0750,6.5500,7.3400,8.2400,9.0100
8/21/2014,4.2200,4.3300,4.5600,5.0200,5.4700,5.9100,6.3500,7.2100,8.4500,10.4000
8/22/2014,4.0500,4.1900,4.4700,5.0300,5.5700,6.0600,6.5500,7.3700,8.2400,8.8800
8/23/2014,4.0440,4.1980,4.4980,5.0670,5.5960,6.0655,6.5350,7.3200,8.2200,9.0100
8/25/2014,4.0342,4.1942,4.5037,5.0820,5.6090,6.0645,6.5200,7.2719,8.1266,8.9880
8/26/2014,4.0600,4.2000,4.4900,5.0300,5.5300,5.9750,6.4200,7.1800,8.0800,9.0700
8/27/2014,4.0500,4.1880,4.4589,4.9740,5.4590,5.8979,6.3367,7.1009,8.0550,9.2119
8/29/2014,4.0797,4.2055,4.4560,4.9560,5.4460,5.9103,6.3745,7.2030,8.1935,8.9980
9/3/2014,4.0629,4.2021,4.4752,4.9994,5.4940,5.9429,6.3917,7.1636,8.0769,8.9168
9/4/2014,4.0612,4.1920,4.4490,4.9476,5.4222,5.8610,6.2998,7.0784,8.0545,9.1400
9/5/2014,4.0712,4.2030,4.4608,4.9541,5.4185,5.8421,6.2657,7.0116,7.9589,9.1434
9/6/2014,4.0466,4.1804,4.4416,4.9391,5.4044,5.8242,6.2440,6.9727,7.8758,8.9490
9/8/2014,4.0466,4.1804,4.4416,4.9390,5.4044,5.8242,6.2440,6.9727,7.8758,8.9490
9/9/2014,4.1010,4.2114,4.4329,4.8762,5.3159,5.7413,6.1666,6.9522,7.9468,8.9231
9/10/2014,4.1430,4.2400,4.4330,4.8187,5.2040,5.5890,5.9739,6.7425,7.8930,9.8050
9/11/2014,3.9900,4.1100,4.3470,4.8019,5.2337,5.6328,6.0319,6.7485,7.6840,8.9220
9/12/2014,3.9235,4.0409,4.2730,4.7280,5.1680,5.5790,5.9900,6.7290,7.6436,8.5750
9/15/2014,3.9000,4.0070,4.2190,4.6300,5.0258,5.3974,5.7690,6.4480,7.3370,8.4560
9/16/2014,3.8780,3.9817,4.1858,4.5836,4.9677,5.3318,5.6959,6.3729,7.2973,8.6129
9/17/2014,3.9259,4.0024,4.1654,4.5217,4.9027,5.2934,5.6840,6.4300,7.3940,8.5000
9/18/2014,3.8510,3.9568,4.1650,4.5700,4.9670,5.3400,5.7130,6.4050,7.3400,8.6213
9/19/2014,3.8700,3.9660,4.1600,4.5500,4.9400,5.3300,5.7200,6.4600,7.4200,8.4700
9/22/2014,3.7982,4.0107,4.2433,4.6124,4.9602,5.3016,5.6429,6.3207,7.3344,9.0210
9/23/2014,3.7330,3.9940,4.2487,4.6230,4.9652,5.2946,5.6240,6.2659,7.2059,8.7197
9/24/2014,3.7856,3.8954,4.1100,4.5230,4.9133,5.2696,5.6258,6.2508,7.0300,7.9290
9/25/2014,3.7360,3.8460,4.0630,4.4814,4.8770,5.2349,5.5928,6.2000,6.9170,7.6068
9/26/2014,3.8322,3.9157,4.0827,4.4164,4.7497,5.0827,5.4156,6.0800,7.0750,8.7277
9/29/2014,3.7800,3.8700,4.0700,4.4600,4.8300,5.1850,5.5400,6.1600,6.9000,7.4300
9/30/2014,3.8000,3.9000,4.1000,4.4800,4.8300,5.1550,5.4800,6.0500,6.7700,7.6500
10/1/2014,3.8100,3.9000,4.0800,4.4200,4.7500,5.0650,5.3800,5.9600,6.7300,7.8000
10/2/2014,3.6509,3.8900,4.2470,4.6520,4.8666,5.0458,5.2250,5.7280,6.6938,8.2590
10/3/2014,3.7700,3.8650,4.0485,4.3990,4.7297,5.0329,5.3360,5.8770,6.5830,7.5470
10/6/2014,3.6300,3.7300,3.9200,4.2700,4.6000,4.8900,5.1800,5.6800,6.2900,7.0400
10/7/2014,3.5899,3.6699,3.8270,4.1349,4.4300,4.7095,4.9890,5.5050,6.2070,7.2010
10/8/2014,3.5720,3.6450,3.7880,4.0727,4.3520,4.6250,4.8980,5.4200,6.1900,7.3780
10/9/2014,3.5017,3.6836,3.8636,4.0837,4.3279,4.5992,4.8705,5.4170,6.1990,7.3750
10/10/2014,3.5100,3.5800,3.7200,4.0000,4.2800,4.5600,4.8400,5.3800,6.1700,7.4400
10/13/2014,3.4480,3.5370,3.7110,4.0452,4.3612,4.6526,4.9440,5.4680,6.1600,7.1090
10/14/2014,3.4200,3.5100,3.6900,4.0450,4.3760,4.6815,4.9870,5.5300,6.2400,7.1600
10/15/2014,3.4035,3.5030,3.6937,4.0467,4.3718,4.6707,4.9697,5.5280,6.3275,7.5665
10/16/2014,3.3626,3.4755,3.6900,4.0798,4.4244,4.7201,5.0158,5.5300,6.2827,7.8300
10/17/2014,3.3940,3.4800,3.6600,4.0130,4.3500,4.6700,4.9900,5.5800,6.3900,7.5300
10/20/2014,3.4900,3.5700,3.7200,4.0400,4.3500,4.6500,4.9500,5.5500,6.4200,7.8000
10/21/2014,3.4700,3.5500,3.7000,4.0300,4.3600,4.6900,5.0200,5.6300,6.4400,7.4900
10/22/2014,3.4300,3.5200,3.7000,4.0500,4.4000,4.7200,5.0400,5.6400,6.4400,7.5500
10/23/2014,3.4300,3.5100,3.6800,4.0300,4.3800,4.7200,5.0600,5.6900,6.4800,7.4400
10/24/2014,3.4400,3.5300,3.7200,4.0700,4.4100,4.7350,5.0600,5.6600,6.4500,7.5400
10/27/2014,3.4600,3.5500,3.7400,4.1000,4.4400,4.7650,5.0900,5.6900,6.4900,7.5600
10/28/2014,3.4100,3.5100,3.7000,4.0800,4.4400,4.7800,5.1200,5.7400,6.5500,7.6600
10/29/2014,3.4200,3.5200,3.7100,4.0900,4.4500,4.7900,5.1300,5.7500,6.5600,7.6400
10/30/2014,3.4300,3.5300,3.7200,4.0900,4.4500,4.7800,5.1100,5.7200,6.5300,7.6400
10/31/2014,3.4600,3.5500,3.7300,4.0900,4.4300,4.7550,5.0800,5.6900,6.5200,7.6900
11/3/2014,3.4300,3.5300,3.7100,4.0800,4.4300,4.7600,5.0900,5.6900,6.5000,7.5900
11/4/2014,3.4400,3.5400,3.7400,4.1100,4.4600,4.7950,5.1300,5.7300,6.5300,7.6100
11/5/2014,3.4400,3.5400,3.7300,4.1100,4.4600,4.7950,5.1300,5.7300,6.5400,7.6400
11/6/2014,3.4200,3.5200,3.7100,4.0900,4.4500,4.7850,5.1200,5.7300,6.5300,7.6100
11/7/2014,3.4700,3.5700,3.7500,4.1000,4.4400,4.7700,5.1000,5.7100,6.5400,7.7300
11/10/2014,3.5000,3.5900,3.7700,4.1300,4.4800,4.8100,5.1400,5.7500,6.6000,7.8300
11/11/2014,3.4900,3.5900,3.7800,4.1400,4.4900,4.8250,5.1600,5.7700,6.6200,7.8000
11/12/2014,3.5000,3.5900,3.7800,4.1500,4.5000,4.8300,5.1600,5.7800,6.6000,7.7600
11/13/2014,3.4700,3.5800,3.7800,4.1600,4.5200,4.8600,5.2000,5.8000,6.5900,7.6300
11/14/2014,3.5100,3.6200,3.8100,4.2000,4.5600,4.9050,5.2500,5.8700,6.6900,7.7300
11/17/2014,3.5300,3.6400,3.8600,4.2800,4.6700,5.0150,5.3600,5.9600,6.7200,7.7400
11/18/2014,3.5700,3.6800,3.9000,4.3100,4.7000,5.0550,5.4100,6.0400,6.8400,7.8300
11/19/2014,3.6500,3.6900,3.9200,4.3700,4.7900,5.1600,5.5300,6.1500,6.9000,7.7200
11/20/2014,3.6400,3.7500,3.9800,4.4100,4.8100,5.1800,5.5500,6.1900,6.9700,7.8000
11/21/2014,3.6000,3.7100,3.9400,4.3700,4.7800,5.1500,5.5200,6.1700,6.9500,7.7900
11/24/2014,3.5800,3.6900,3.9200,4.3500,4.7600,5.1300,5.5000,6.1500,6.9500,7.8400
11/25/2014,3.5700,3.6900,3.9200,4.3700,4.7900,5.1600,5.5300,6.1800,6.9500,7.7500
11/26/2014,3.5700,3.6900,3.9300,4.3800,4.8100,5.1950,5.5800,6.2300,7.0100,7.7700
11/27/2014,3.5800,3.7100,3.9700,4.4400,4.8900,5.2800,5.6700,6.3200,7.0700,7.7200
11/28/2014,3.6400,3.7700,4.0200,4.4800,4.9100,5.2950,5.6800,6.3200,7.0900,7.9100
12/1/2014,3.5900,3.7300,4.0000,4.5000,4.9500,5.3350,5.7200,6.3400,7.0900,7.9800
12/2/2014,3.6200,3.7500,4.0100,4.5000,4.9400,5.3350,5.7300,6.3900,7.1600,7.9000
12/3/2014,3.7800,3.9100,4.1600,4.6300,5.0600,5.4450,5.8300,6.4700,7.2000,7.9400
12/4/2014,3.8500,3.9800,4.2200,4.6900,5.1200,5.5000,5.8800,6.5100,7.2300,7.9000
12/5/2014,3.8700,4.0000,4.2600,4.7300,6.1500,6.0150,5.8800,6.4800,7.1900,8.0000
12/8/2014,3.8800,4.0000,4.2600,4.7400,5.1700,5.5500,5.9300,6.5500,7.2300,7.8100
12/9/2014,3.9700,4.1000,4.3300,4.7800,5.2000,5.5650,5.9300,6.5500,7.2600,7.8800
12/10/2014,4.0700,4.1900,4.4200,4.8600,5.2600,5.6100,5.9600,6.5600,7.2500,7.9900
12/11/2014,4.1500,4.2400,4.4400,4.8400,5.2500,5.6200,5.9900,6.6000,7.3000,8.0200
12/12/2014,4.1200,4.2500,4.5000,4.9400,5.3400,5.6700,6.0000,6.5400,7.1900,8.1800
12/15/2014,4.1900,4.3100,4.5200,4.9400,5.3300,5.6750,6.0200,6.6000,7.2800,7.9300
12/16/2014,4.2000,4.3100,4.5400,4.9700,5.3600,5.7150,6.0700,6.6500,7.2900,7.7900
12/17/2014,4.2700,4.3800,4.5900,4.5000,5.3800,5.7200,6.0600,6.6400,7.3300,8.0100
12/18/2014,4.2400,4.3600,4.5900,5.0300,5.4200,5.7700,6.1200,6.6900,7.3200,7.9000
12/19/2014,4.3300,4.1700,5.6000,5.0000,5.4200,5.7700,6.1200,6.7600,7.4000,8.0500
12/22/2014,4.3300,4.1700,5.6000,5.0000,5.4200,5.7700,6.1200,6.7600,7.4000,8.0500
12/23/2014,4.3100,4.4200,4.6400,5.0600,5.4500,5.7900,6.1300,6.6900,7.3300,7.9100
12/24/2014,4.3900,4.4900,4.6900,5.0600,5.4100,5.7300,6.0500,6.6200,7.3200,8.1600
12/25/2014,4.3500,4.4600,4.6600,5.0600,5.4300,5.7600,6.0900,6.6600,7.3400,8.0500
12/26/2014,4.4600,4.5500,4.7100,5.0300,5.3400,5.6450,5.9500,6.5300,7.3500,8.5700
12/29/2014,4.4000,4.4600,4.6100,4.9500,5.3300,5.7050,6.0800,6.7200,7.4100,8.0200
12/30/2014,4.3000,4.4200,4.6300,5.0400,5.4100,5.7400,6.0700,6.6300,7.3000,8.0900
12/31/2014,4.4000,4.4300,4.5400,4.8700,5.2700,5.6650,6.0600,6.6900,7.3500,8.0300
1/5/2015,4.2800,4.3800,4.5900,4.9700,5.3400,5.6750,6.0100,6.5900,7.3100,8.1100
1/6/2015,4.4400,4.4600,4.5600,4.8500,5.2200,5.6150,6.0100,6.6800,7.3600,7.9100
1/7/2015,4.3300,4.4300,4.6200,4.9900,5.3500,5.6750,6.0000,6.5700,7.2900,8.1700
1/8/2015,4.3800,4.4700,4.6600,5.0100,5.3500,5.6650,5.9800,6.5400,7.2700,8.1900
1/9/2015,4.4400,4.4500,4.5400,4.8600,5.2700,5.6650,6.0600,6.6700,7.2900,8.0300
1/12/2015,4.4900,4.4600,4.5000,4.8000,5.2200,5.6350,6.0500,6.6700,7.2700,8.0500
1/13/2015,4.2600,4.2800,4.4600,4.8700,5.2700,5.6250,5.9800,6.5900,7.3300,8.1900
1/14/2015,4.1700,4.2700,4.4700,4.8400,5.2100,5.5400,5.8700,6.4700,7.2200,8.1500
1/15/2015,4.1700,4.2600,4.4500,4.8000,5.1500,5.4750,5.8000,6.3900,7.1900,8.2400
1/16/2015,4.3100,4.3000,4.3400,4.5600,4.9200,5.3350,5.7500,6.5100,7.3200,7.7800
1/19/2015,4.0900,4.1800,4.3900,4.7300,5.0900,5.4250,5.7600,6.3900,7.2300,8.3800
1/20/2015,4.1200,4.1500,4.3200,4.7000,5.0800,5.4250,5.7700,6.4000,7.2100,8.2700
1/21/2015,4.2600,4.2500,4.2900,4.5900,4.9500,5.3750,5.8000,6.5300,7.3100,8.0600
1/22/2015,4.2500,4.2500,4.3000,4.5800,4.9700,5.3850,5.8000,6.5200,7.3100,8.0700
1/26/2015,4.2500,4.2500,4.3000,4.5700,4.9500,5.3650,5.7800,6.5000,7.3000,8.0700
1/27/2015,4.2300,4.2300,4.2900,4.5600,4.9400,5.3400,5.7400,6.4400,7.2100,7.9500
1/28/2015,4.2500,4.2400,4.2900,4.5300,4.8900,5.2800,5.6700,6.3700,7.1600,7.9400
1/29/2015,4.2200,4.2200,4.2800,4.5300,4.8700,5.2450,5.6200,6.3100,7.1100,7.9900
1/30/2015,4.1000,4.1700,4.3300,4.6300,4.9300,5.2250,5.5200,6.0900,6.9300,8.2400
2/2/2015,4.2400,4.2500,4.3000,4.4900,4.7800,5.1150,5.4500,6.1100,6.9500,7.9200
2/3/2015,4.1100,4.1800,4.3300,4.6200,4.9100,5.1950,5.4800,6.0500,6.8800,8.1800
2/4/2015,4.1600,4.2300,4.3600,4.6300,4.9000,5.1700,5.4400,5.9900,6.8100,8.2000
2/5/2015,4.1400,4.2100,4.3400,4.6100,4.8800,5.1600,5.4400,6.0200,6.9200,8.5200
2/6/2015,4.1700,4.2400,4.3800,4.6500,4.9200,5.1950,5.4700,6.0200,6.8400,8.2200
2/9/2015,4.3200,4.3300,4.3800,4.5600,4.8100,5.1200,5.4300,6.0800,6.9600,8.0800
2/10/2015,4.3200,4.3200,4.3600,4.5600,4.8400,5.1650,5.4900,6.1200,6.9400,7.9500
2/11/2015,4.2000,4.2700,4.4000,4.6600,4.9200,5.1850,5.4500,5.9900,6.7900,8.1300
2/12/2015,4.2900,4.3100,4.3600,4.5500,4.8100,5.1150,5.4200,6.0600,6.9200,7.9600
2/13/2015,4.2200,4.2800,4.4000,4.6400,4.8900,5.1450,5.4000,5.9300,6.7600,8.2300
2/14/2015,4.2200,4.2700,4.3900,4.6300,4.8700,5.1200,5.3700,5.9000,6.7400,8.2500
2/24/2015,4.2200,4.2700,4.3900,4.6300,4.8700,5.1200,5.3700,5.9000,6.7400,8.2500
2/25/2015,4.1800,4.2400,4.3600,4.6100,4.8600,5.1150,5.3700,5.9100,6.7400,8.2200
2/26/2015,4.1800,4.2400,4.3600,4.6100,4.8600,5.1150,5.3700,5.9100,6.7400,8.2200
3/2/2015,4.2100,4.2400,4.3100,4.5000,4.7400,5.0150,5.2900,5.8900,6.7700,8.0200
3/3/2015,4.2100,4.2400,4.3200,4.5100,4.7500,5.0200,5.2900,5.8800,6.7400,7.9500
3/4/2015,4.1400,4.2000,4.3200,4.5500,4.8000,5.0500,5.3000,5.8300,6.6300,7.9800
3/5/2015,4.1300,4.1900,4.3200,4.5700,4.8200,5.0800,5.3400,5.8500,6.6400,7.9800
3/6/2015,4.2100,4.2400,4.3000,4.4900,4.7400,5.0250,5.3100,5.9100,6.7500,7.8400
3/9/2015,4.1900,4.2200,4.2800,4.4800,4.7300,5.0200,5.3100,5.9100,6.7100,7.7000
3/10/2015,4.1200,4.1800,4.3100,4.5700,4.8200,5.0800,5.3400,5.8500,6.6200,7.9000
3/11/2015,4.1000,4.1700,4.3100,4.6000,4.8700,5.1350,5.4000,5.9100,6.6000,7.5700
3/12/2015,4.1700,4.2200,4.3400,4.5800,4.8300,5.0900,5.3500,5.8700,6.6200,7.6300
3/13/2015,4.1400,4.2000,4.3200,4.5700,5.8300,5.5900,5.3500,5.8600,6.5800,7.5300
3/16/2015,4.1800,4.2400,4.3500,4.5800,4.8200,5.0750,5.3300,5.8600,6.6300,7.6700
3/17/2015,4.1600,4.2200,4.3500,4.6000,4.8400,5.0850,5.3300,5.8200,6.5500,7.7500
3/18/2015,4.1100,4.2500,4.4800,4.5700,4.7300,5.0500,5.3700,6.0300,6.7600,7.4300
3/19/2015,4.1900,4.2300,4.3300,4.5600,4.8200,5.1050,5.3900,5.9300,6.6400,7.5700
3/20/2015,4.1800,4.2300,4.3500,4.6000,4.8600,5.1250,5.3900,5.9100,6.6600,7.6300
3/21/2015,4.2200,4.2800,4.4100,4.6700,4.9200,5.1700,5.4200,5.9200,6.6400,7.7900
3/24/2015,4.2400,4.3000,4.4200,4.6700,4.9200,5.1600,5.4000,5.8800,6.5900,7.7500
3/25/2015,4.2900,4.3500,4.4700,4.7100,4.9400,5.1800,5.4200,5.9000,6.6200,7.8200
3/26/2015,4.3600,4.4100,4.5300,4.7600,4.9900,5.2250,5.4600,5.9200,6.6200,7.7900
3/27/2015,4.3800,4.4300,4.5300,4.7400,4.9600,5.1950,5.4300,5.9100,6.6300,7.7600
3/30/2015,4.3800,4.4300,4.5200,4.7400,4.9800,5.2400,5.5000,6.0200,6.7500,7.7300
3/31/2015,4.3600,4.4100,4.5300,4.7600,4.9900,5.2200,5.4500,5.9100,6.6200,7.8200
4/1/2015,4.3800,4.4300,4.5300,4.7500,4.9800,5.2150,5.4500,5.9300,6.6500,7.8100
4/2/2015,4.3600,4.4200,4.5300,4.7600,5.0000,5.2300,5.4600,5.9300,6.6300,7.8100
4/3/2015,4.4000,4.4500,4.5600,4.7800,5.0000,5.2200,5.4400,5.9000,6.6000,7.8200
4/6/2015,4.3700,4.4300,4.5400,4.7700,5.0000,5.2300,5.4600,5.9200,6.6300,7.8300
4/7/2015,4.3800,4.4400,4.5500,4.7800,5.0000,5.2300,5.4600,5.9200,6.6100,7.9100
4/8/2015,4.3700,4.4200,4.5400,4.7700,5.0000,5.2350,5.4700,5.9300,6.6200,7.7800
4/9/2015,4.4000,4.4600,4.5700,4.5000,5.0200,5.2450,5.4700,5.9200,6.6000,7.7300
4/10/2015,4.4400,4.5000,4.6100,4.8400,5.0700,5.3000,5.5300,5.9800,6.6600,7.7700
4/13/2015,4.5000,4.6000,4.6700,4.9000,5.1200,5.3450,5.5700,6.0200,6.7000,7.8300
4/14/2015,4.5700,4.6300,4.7400,4.9600,5.1800,5.4000,5.6200,6.0700,6.7500,7.9000
4/15/2015,4.6300,4.6900,4.8000,5.0200,5.2400,5.4550,5.6700,6.1000,6.7400,7.7900
4/16/2015,4.6800,4.7400,4.8600,5.0800,5.2900,5.4850,5.6800,6.0800,6.6700,7.8500
4/17/2015,4.7500,4.8000,4.9100,5.1100,5.3200,5.5250,5.7300,6.1400,6.7600,7.7800
4/20/2015,4.7700,4.8300,4.9500,5.1800,5.3800,5.5700,5.7600,6.1200,6.6700,7.8500
4/21/2015,4.8400,4.8900,4.9900,5.2000,5.4000,5.6000,5.8000,6.2100,6.8100,7.8300
4/22/2015,4.8900,4.9500,5.0500,5.2700,5.4700,5.6750,5.8800,6.2700,6.8500,7.7900
4/23/2015,4.9300,4.9700,5.0600,5.2400,5.4200,5.6000,5.7800,6.1500,6.7400,7.8400
4/24/2015,4.8700,4.9100,5.0000,5.2000,5.3900,5.5850,5.7800,6.1700,6.7500,7.7500
4/27/2015,4.8400,4.8800,4.9600,5.1400,5.3200,5.5050,5.6900,6.0800,6.7000,7.8500
5/4/2015,4.7500,4.8200,4.9400,5.1600,5.3600,5.5350,5.7100,6.0600,6.6400,7.9400
5/5/2015,4.7600,4.8200,4.9400,5.1600,5.3600,5.5450,5.7300,6.1000,6.6800,7.8900
5/6/2015,4.8000,4.8500,4.9400,5.1400,5.3400,5.5400,5.7400,6.1400,6.7400,7.7600
5/7/2015,4.8800,4.9300,5.0300,5.2300,5.4300,5.6250,5.8200,6.2000,6.7600,7.6900
5/8/2015,4.8200,4.8700,4.9700,5.1700,5.3700,5.5700,5.7700,6.1600,6.7500,7.7300
5/11/2015,4.8200,4.8700,4.9700,5.1600,5.3600,5.5550,5.7500,6.1500,6.7600,7.8200
5/12/2015,4.7300,4.8200,4.9700,5.2400,5.4500,5.6250,5.8000,6.1300,6.6900,7.9300
5/13/2015,4.6800,4.7700,4.9400,5.2300,5.4600,5.6400,5.8200,6.1200,6.6100,8.0000
5/14/2015,4.6800,4.7800,4.9500,5.2400,5.4600,5.6350,5.8100,6.1200,6.6600,7.9600
5/15/2015,4.7000,4.7800,4.9500,5.2400,5.4800,5.6750,5.8700,6.1900,6.6900,8.0200
5/18/2015,4.8000,4.8600,4.9800,5.2100,5.4400,5.6550,5.8700,6.2900,6.8700,7.7400
5/19/2015,4.8003,4.8602,4.9788,5.2115,5.4383,5.8743,6.2879,6.8687,7.7392,7.7400
5/20/2015,4.7800,4.8500,4.9700,5.2100,5.4500,5.6700,5.8900,6.3100,6.8900,7.7000
5/21/2015,4.7200,4.7800,4.9100,5.1700,5.4100,5.6400,5.8700,6.2900,6.8800,7.7700
5/22/2015,4.7200,4.7800,4.9100,5.1700,5.4100,5.6400,5.8700,6.2900,6.8800,7.7700
5/25/2015,4.5600,4.6600,4.8500,5.1800,5.4500,5.6500,5.8500,6.1700,6.6700,8.0800
5/26/2015,4.4600,4.5700,4.7700,5.1000,5.3900,5.6100,5.8300,6.2000,6.7400,7.9900
5/27/2015,4.5300,4.6100,4.7700,5.0700,5.3500,5.6000,5.8500,6.3100,6.9000,7.7900
5/28/2015,4.5200,4.6000,4.7500,5.0500,5.3200,5.5800,5.8400,6.3100,6.9300,7.8100
5/29/2015,4.5700,4.6400,4.7900,5.0800,5.3500,5.6100,5.8700,6.3300,6.9500,7.7700
6/1/2015,4.5700,4.6500,4.8100,5.1100,5.3900,5.6350,5.8800,6.3100,6.8700,7.6900
6/2/2015,4.6200,4.6800,4.8000,5.0400,5.2800,5.5200,5.7600,6.2300,6.9100,8.0200
6/3/2015,4.4800,4.5900,4.7900,5.1300,5.4100,5.6350,5.8600,6.2200,6.7400,8.0200
6/4/2015,4.5100,4.5900,4.7500,5.0600,5.3600,5.6250,5.8900,6.3700,6.9900,7.7900
6/5/2015,4.5500,4.6300,4.7900,5.1000,5.3900,5.6500,5.9100,6.3700,6.9600,7.7200
6/8/2015,4.4900,4.6100,4.8200,5.1900,5.5000,5.7350,5.9700,6.3000,6.7400,8.0200
6/9/2015,4.5600,4.6500,4.8200,5.1400,5.4400,5.7050,5.9700,6.4300,6.9800,7.6700
6/10/2015,4.6200,4.7000,4.8600,5.1500,5.4400,5.7000,5.9600,6.4200,7.0000,7.7200
6/11/2015,4.7500,4.8100,4.9400,5.1900,5.4300,5.6650,5.9000,6.3400,6.9700,7.8900
6/12/2015,4.6100,4.7300,4.9500,5.3100,5.6400,5.8450,6.0500,6.3700,6.8300,8.0000
6/16/2015,4.6700,4.7900,5.0200,5.3900,5.6900,5.9100,6.1300,6.4400,6.8900,7.9900
6/17/2015,4.6400,4.7900,5.0400,5.4400,5.7400,5.9450,6.1500,6.4600,6.9200,7.9600
6/18/2015,4.6000,4.7500,5.0000,5.4400,5.7700,5.9950,6.2200,6.5100,6.9000,8.0700
6/22/2015,4.6000,4.7400,5.0000,5.4400,5.7800,6.0050,6.2300,6.5500,6.9300,8.0800
6/23/2015,4.6100,4.7500,5.0000,5.4300,5.7700,6.0100,6.2500,6.5700,6.9500,7.9300
6/24/2015,4.6800,4.7800,4.9700,5.3200,5.6500,5.9350,6.2200,6.6900,7.2100,7.6000
6/25/2015,4.7200,4.8100,4.9800,5.3000,5.6000,5.8750,6.1500,6.6200,7.1800,7.7400
6/26/2015,4.5400,4.6800,4.9500,5.3900,5.7200,5.9600,6.2000,6.5100,6.9000,7.8100
6/29/2015,4.5389,4.6918,4.9686,5.4217,5.7666,6.2350,6.5385,6.9169,7.8054,7.8100
6/30/2015,4.6537,4.7494,4.9357,5.2881,5.6140,6.1880,6.6607,7.1866,7.5998,7.8100
7/1/2015,4.4800,4.6400,4.9300,5.3900,5.7400,5.9750,6.2100,6.5100,6.9100,7.9400
7/2/2015,4.4800,4.6400,4.9300,5.3900,5.7400,5.9750,6.2100,6.5100,6.9100,7.9400
7/3/2015,4.4800,4.6400,4.9300,5.3900,5.7400,5.9750,6.2100,6.5100,6.9100,7.9400
7/6/2015,4.5600,4.6600,4.8600,5.2300,5.5700,5.8700,6.1700,6.6600,7.2000,7.6000
7/7/2015,4.4500,4.5900,4.8400,5.2700,5.6300,5.9050,6.1800,6.5600,6.9900,7.8800
7/8/2015,4.4500,4.5900,4.8400,5.2700,5.6300,5.9050,6.1800,6.5600,6.9900,7.8800
7/9/2015,4.4100,4.5500,4.8200,5.2700,5.6300,5.8950,6.1600,6.5200,6.9400,7.9900
7/10/2015,4.3900,4.5400,4.8200,5.2800,5.6400,5.9050,6.1700,6.5500,7.0200,7.8200
7/13/2015,4.3900,4.5400,4.8100,5.2700,5.6300,5.8900,6.1500,6.5300,7.0000,7.8500
7/14/2015,4.4400,4.5800,4.8400,5.2800,5.6400,5.9050,6.1700,6.5500,7.0000,7.8400
7/15/2015,4.3500,4.5100,4.8100,5.3000,5.6700,5.9350,6.2000,6.5700,7.0400,7.9400
7/16/2015,4.3700,4.5300,4.8200,5.3100,5.7000,5.9700,6.2400,6.5900,6.9700,7.8900
7/20/2015,4.4200,4.5500,4.8000,5.2400,5.6200,5.9200,6.2200,6.6700,7.1400,7.6500
7/21/2015,4.2600,4.4300,4.7500,5.2800,5.6900,5.9650,6.2400,6.5700,6.9400,7.9000
7/22/2015,4.2900,4.4700,4.7800,5.2900,5.6800,5.9550,6.2300,6.6000,7.0400,7.7800
7/23/2015,4.2500,4.4200,4.7500,5.2700,5.6700,5.9450,6.2200,6.5800,7.0300,7.8700
7/24/2015,4.2700,4.4500,4.7600,5.2900,5.7000,5.9750,6.2500,6.5900,6.9700,7.9100
7/27/2015,4.3100,4.4800,4.7900,5.2900,5.6800,5.9450,6.2100,6.5600,7.0000,7.8900
7/28/2015,4.3400,4.5100,4.8100,5.3000,5.6800,5.9400,6.2000,6.5500,6.9700,7.9000
7/29/2015,4.3500,4.5100,4.8000,5.2900,5.6900,5.9850,6.2800,6.6800,7.0800,7.6100
7/30/2015,4.3800,4.0000,4.8000,5.2900,5.6900,5.9850,6.2800,6.6800,7.0800,7.6100
7/31/2015,4.3600,4.5300,4.8300,5.3200,5.7000,5.9700,6.2400,6.6000,7.0300,7.8500
8/1/2015,4.3800,4.5500,4.8400,5.3400,5.7300,6.0000,6.2700,6.6100,6.9800,7.9000
8/3/2015,4.4000,4.5500,4.8400,5.3200,5.7200,6.0000,6.2800,6.6600,7.0500,7.6900
8/5/2015,4.3500,4.5200,4.8400,5.3600,5.7600,6.0200,6.2800,6.5700,6.8800,8.0200
8/10/2015,4.3600,4.5300,4.8300,5.3300,5.7200,5.9950,6.2700,6.6300,7.0400,7.8400
8/11/2015,4.3700,4.5300,4.8300,5.3300,5.7300,6.0000,6.2700,6.6100,6.9800,7.9300
8/12/2015,4.1700,4.5300,5.0400,5.4500,5.6900,5.8850,6.0800,6.4600,7.0500,8.1800
8/13/2015,4.4900,4.6000,4.8300,5.2400,5.6300,5.9550,6.2800,6.7800,7.2700,7.4100
8/14/2015,4.5200,4.6600,4.9300,5.3900,5.7600,6.0250,6.2900,6.6500,7.0400,7.8800
8/17/2015,4.5600,4.7000,4.9600,5.4000,5.7600,6.0200,6.2800,6.6700,7.1300,7.8000
8/19/2015,4.5900,4.7200,4.9500,5.3700,5.7100,6.0300,6.3500,6.8200,7.3000,7.7300
8/20/2015,4.6900,4.7900,4.9900,5.3600,5.7100,6.0100,6.3100,6.7900,7.3100,7.6100
8/21/2015,4.6200,4.7300,4.9500,5.3600,5.7400,6.0600,6.3800,6.8900,7.3700,7.4700
8/24/2015,4.6400,4.7600,4.9800,5.4000,5.7600,6.0650,6.3700,6.8400,7.3200,7.7400
8/25/2015,4.6800,4.7900,5.0100,5.4200,5.7800,6.0900,6.4000,6.8700,7.3500,7.7300
8/26/2015,4.7000,4.8200,5.0400,5.4500,5.8100,6.1050,6.4000,6.8600,7.3300,7.7800
8/27/2015,4.7100,4.8200,5.0500,5.4500,5.8100,6.1000,6.3900,6.8300,7.2900,7.7100
8/28/2015,4.6900,4.8000,5.0000,5.3700,5.7500,6.0500,6.3500,6.8200,7.3100,7.6400
8/31/2015,4.6900,4.8000,5.0000,5.3900,5.7500,6.0500,6.3500,6.8200,7.3100,7.6400
9/1/2015,4.6700,4.7700,4.9800,5.3700,5.7300,6.0400,6.3500,6.8400,7.3400,7.5800
9/3/2015,4.6700,4.7700,4.9800,5.3700,5.7300,6.0400,6.3500,6.8400,7.3400,7.5800
9/7/2015,4.5100,4.7200,4.9900,5.4600,5.8500,6.1400,6.4300,6.8200,7.2200,7.9400
9/8/2015,4.6600,4.7700,5.0000,5.4200,5.7800,6.0850,6.3900,6.8400,7.2900,7.6200
9/9/2015,4.6600,4.7700,5.0000,5.4200,5.7800,6.0850,6.3900,6.8400,7.2900,7.6200
9/10/2015,4.6600,4.7700,5.0000,5.3900,5.7500,6.0600,6.3700,6.8400,7.3100,7.5400
9/11/2015,4.6300,4.7600,5.0000,5.4400,5.8100,6.1100,6.4100,6.8400,7.2700,7.6500
9/14/2015,4.6400,4.7600,4.9900,5.4100,5.7800,6.0850,6.3900,6.8400,7.3200,7.8100
9/15/2015,4.6400,4.7700,5.0200,5.4700,5.8500,6.1450,6.4400,6.8500,7.2800,7.7900
9/17/2015,4.6700,4.8000,5.0500,5.4900,5.8600,6.1550,6.4500,6.8600,7.2700,7.7500
9/18/2015,4.7200,4.7900,4.9600,5.3800,5.8200,6.1700,6.5200,6.9000,7.1300,8.0000
9/21/2015,4.7000,4.8200,5.0400,5.4500,5.8200,6.1300,6.4400,6.9100,7.3800,7.5900
9/23/2015,4.7300,4.8400,5.0400,5.4400,5.7900,6.0950,6.4000,6.8700,7.3500,7.5800
9/24/2015,4.8900,4.9700,5.1200,5.4200,5.7000,5.9650,6.2300,6.7200,7.3600,8.2000
9/25/2015,4.5400,4.6800,4.9500,5.4400,5.8700,6.2250,6.5800,7.0600,7.3900,6.9000
9/28/2015,4.6300,4.7600,4.8000,5.4200,5.7900,6.0950,6.4000,6.8500,7.3400,7.8100
9/29/2015,4.6300,4.7400,4.9700,5.3900,5.7600,6.0800,6.4000,6.9000,7.4100,7.7200
9/30/2015,4.6100,4.7300,4.9600,5.3900,5.7700,6.0900,6.4100,6.9000,7.3800,7.6900
10/2/2015,4.6100,4.7400,4.9900,5.4400,5.8100,6.1050,6.4000,6.8200,7.2700,7.8400
10/5/2015,4.6800,4.7800,4.9800,5.3700,5.7200,6.0200,6.3200,6.8100,7.3400,7.8100
10/6/2015,4.5100,4.6500,4.9100,5.3700,5.7700,6.0950,6.4200,6.8900,7.3500,7.7600
10/7/2015,4.5100,4.6400,4.8900,5.3600,5.7600,6.0850,6.4100,6.8800,7.3600,7.7300
10/8/2015,4.4400,4.6000,4.8900,5.3900,5.8000,6.0950,6.3900,6.7800,7.1500,7.8200
10/9/2015,4.4900,4.6100,4.8800,5.3700,5.7900,6.1100,6.4300,6.8900,7.3300,7.7000
10/12/2015,4.5300,4.6600,4.9100,5.3600,5.7500,6.0600,6.3700,6.9200,7.2900,7.7900
10/13/2015,4.5300,4.6600,4.9100,5.3700,5.7600,6.0800,6.4000,6.8600,7.3200,7.7800
10/14/2015,4.5300,4.6600,4.9100,4.3600,5.7500,6.0800,6.4100,6.8900,7.3800,7.7400
10/15/2015,4.5500,4.6900,4.9400,5.3900,5.7800,6.0850,6.3900,6.8300,7.2900,7.7900
10/16/2015,4.5543,4.6885,4.9419,5.3936,5.7795,6.3885,6.8299,7.2852,7.7933,7.7900
10/19/2015,4.5700,4.6400,4.8100,5.2700,5.7400,6.1050,6.4700,6.9500,7.3700,7.7100
10/20/2015,4.5000,4.6400,4.9000,5.3700,5.7700,6.0900,6.4100,6.8700,7.3300,7.7400
10/21/2015,4.4800,4.6100,4.8800,5.3600,5.7700,6.1000,6.4300,6.9100,7.3700,7.7000
10/22/2015,4.4700,4.6000,4.8700,5.3400,5.7500,6.0700,6.3900,6.8600,7.3200,7.7200
10/23/2015,4.4800,4.6300,4.9100,5.3900,5.7900,6.0900,6.3900,6.7900,7.1800,7.8200
10/26/2015,4.4400,4.5900,4.8700,5.3600,5.7700,6.0900,6.4100,6.8600,7.2800,7.7300
10/27/2015,4.5000,4.6300,4.8800,5.3300,5.7200,6.0450,6.3700,6.8600,7.3700,7.8800
10/28/2015,4.4500,4.6000,4.8800,4.3700,5.7800,6.0950,6.4100,6.8500,7.2800,7.7300
10/29/2015,4.4600,4.5900,4.8500,5.3300,5.7400,6.0750,6.4100,6.9100,7.4000,7.7400
10/30/2015,4.9100,4.9700,5.1000,5.3700,5.6600,5.9550,6.2500,6.8000,7.4500,7.7000
11/2/2015,4.4500,4.5700,4.8200,5.2700,5.6800,6.0250,6.3700,6.9000,7.4100,7.6800
11/3/2015,4.4100,4.5500,4.8100,5.2800,5.7000,6.0350,6.3700,6.8600,7.3500,7.7600
11/4/2015,4.4200,4.5500,4.8000,5.2600,5.6700,6.0100,6.3500,6.8600,7.3800,7.7100
11/5/2015,4.5100,4.5600,4.7300,5.1700,5.6300,6.0150,6.4000,6.9000,7.3000,7.5700
11/6/2015,4.4200,4.5400,4.7700,5.2100,5.6300,5.9900,6.3500,6.9000,7.4300,7.6400
11/9/2015,4.3500,4.4900,4.7400,5.2200,5.6400,5.9950,6.3500,6.8800,7.4000,7.6600
11/10/2015,4.3800,4.5200,4.7700,5.2400,5.6700,6.0200,6.3700,6.8900,7.4000,7.6200
11/11/2015,4.4400,4.4900,4.6500,5.1000,5.6200,6.0450,6.4700,6.9200,7.0600,8.0700
11/12/2015,4.4400,4.5000,4.6700,5.1600,5.6500,6.0400,6.4300,6.9200,7.3300,7.6500
11/13/2015,4.3100,4.4600,4.7500,5.2700,5.7100,6.0550,6.4000,6.8700,7.3100,7.7700
11/16/2015,4.3600,4.5000,4.7700,5.2500,5.6700,6.0150,6.3600,6.8600,7.3500,7.6600
11/17/2015,4.3800,4.5100,4.7600,5.2200,5.6400,6.0000,6.3600,6.9100,7.4400,7.5100
11/18/2015,4.3700,4.5000,4.7700,5.2500,5.6900,6.0500,6.4100,6.9400,7.4200,7.6300
11/19/2015,4.3600,4.4900,4.7500,5.2200,5.6500,6.0000,6.3500,6.8500,7.2900,7.4600
11/20/2015,4.3550,4.4890,4.7470,5.2230,5.6480,5.9995,6.3510,6.8770,7.3730,7.5540
11/23/2015,4.3700,4.5100,4.7700,5.2500,5.6800,6.0300,6.3800,6.9000,7.3900,7.6500
11/24/2015,4.4100,4.5200,4.7600,5.2600,5.7200,6.0900,6.4600,6.9400,7.3400,7.6200
11/25/2015,4.3700,4.5100,4.7700,5.2600,5.7000,6.0550,6.4100,6.9300,7.4100,7.5200
11/26/2015,4.3500,4.5200,4.8200,5.3400,5.7600,6.0650,6.3700,6.7900,7.2200,7.8300
11/27/2015,4.3900,4.5200,4.7700,5.2600,5.7100,6.0650,6.4200,6.9000,7.3000,7.5300
11/30/2015,4.3800,4.5300,4.8100,5.3100,5.7200,6.0400,6.3600,6.8000,7.2400,7.7700
12/1/2015,4.4400,4.5600,4.8000,5.2500,5.6600,6.0050,6.3500,6.8800,7.4000,7.5700
12/2/2015,4.4500,4.5800,4.8400,5.3100,5.7100,6.0300,6.3500,6.8100,7.2800,7.7300
12/3/2015,4.4500,4.5800,4.8300,5.2900,5.7000,6.0400,6.3800,6.8700,7.3300,7.5600
12/4/2015,4.5800,4.7000,4.9200,5.3300,5.7000,6.0200,6.3400,6.8500,7.3900,7.7500
12/7/2015,4.5900,4.7000,4.9200,5.3300,5.7100,6.0350,6.3600,6.8800,7.4100,7.6600
12/8/2015,4.5900,4.7000,4.9200,5.3300,5.7100,6.0350,6.3600,6.8800,7.4100,7.6600
12/9/2015,4.6600,4.6600,4.7800,5.2400,5.7200,6.0850,6.4500,6.9000,7.2700,7.5600
12/10/2015,4.6200,4.7300,4.9400,5.3400,5.7100,6.0200,6.3300,6.8300,7.3200,7.4800
12/11/2015,4.6700,4.7700,4.9700,5.3500,5.7000,6.0000,6.3000,6.7900,7.3100,7.6200
12/14/2015,4.6100,4.7200,4.9400,5.3500,5.7300,6.0500,6.3700,6.8800,7.4000,7.6500
12/15/2015,4.5800,4.7900,4.9300,5.3500,5.7200,6.0150,6.3100,6.7600,7.2200,7.7200
12/16/2015,4.5600,4.6900,4.9200,5.3400,5.7100,6.0150,6.3200,6.7800,7.2500,7.7100
12/17/2015,4.7400,4.8300,4.9900,5.3100,5.6200,5.9300,6.2400,6.7600,7.5100,8.6000
12/18/2015,4.5000,4.6200,4.8400,5.2700,5.6600,5.9950,6.3300,6.8500,7.3600,7.5000
12/21/2015,4.5900,4.7200,4.9800,5.4400,5.8200,6.1250,6.4300,6.8500,7.2400,7.5600
12/22/2015,4.4900,4.6100,4.8500,5.2800,5.6600,5.9800,6.3000,6.7800,7.2900,7.7000
12/23/2015,4.5400,4.6500,4.8500,5.2500,5.6200,5.9400,6.2600,6.7700,7.2900,7.6300
12/24/2015,4.5900,4.6600,4.8300,5.2200,5.6300,6.0000,6.3700,6.9200,7.3900,7.5500
12/25/2015,4.5300,4.6500,4.8700,5.2800,5.6500,5.9600,6.2700,6.7700,7.2700,7.6100
12/28/2015,4.5200,4.6400,4.8600,5.2600,5.6300,5.9400,6.2500,6.7400,7.2600,7.7000
12/29/2015,4.5400,4.6600,4.8700,5.2800,5.6500,5.9650,6.2800,6.7700,7.2500,7.5700
12/30/2015,4.5400,4.6600,4.8700,5.2800,5.6500,5.9650,6.2800,6.7700,7.2500,7.5700
12/31/2015,4.5400,4.6500,4.8700,5.2700,5.6400,5.9600,6.2800,6.7800,7.2900,7.5700
1/4/2016,4.5400,4.6500,4.8700,5.2900,5.6700,5.9950,6.3200,6.8200,7.3300,7.6500
1/5/2016,4.5700,4.6800,4.9000,5.3000,5.6600,5.9700,6.2800,6.7600,7.2600,7.6200
1/6/2016,4.5600,4.6700,4.8800,5.2800,5.6500,5.9750,6.3000,6.8100,7.3500,7.6600
1/7/2016,4.6100,4.7100,4.9100,5.2900,5.6500,5.9650,6.2800,6.7700,7.2700,7.5800
1/11/2016,4.7800,4.7700,4.8500,5.2100,5.6500,6.0250,6.4000,6.8800,7.2600,7.5200
1/12/2016,4.8900,4.9500,5.0800,5.3400,5.5900,5.8450,6.1000,6.5900,7.3200,7.5000
1/13/2016,4.6900,4.8000,5.0000,5.3900,5.7400,6.0400,6.3400,6.8200,7.3100,7.5900
1/14/2016,4.6800,4.7400,4.9500,5.3700,5.7500,6.0700,6.3900,6.8700,7.3700,7.7500
1/15/2016,4.7000,4.8100,5.0200,5.4200,5.7900,6.1050,6.4200,6.9200,7.4200,7.6900
1/18/2016,4.7000,4.8100,5.0200,5.4200,5.7900,6.1050,6.4200,6.9200,7.4200,7.6900
1/19/2016,4.7100,4.8200,5.0200,5.4100,5.7700,6.0750,6.3800,6.8700,7.3800,7.6200
1/20/2016,4.7100,4.8100,5.0000,5.3800,5.7200,6.0200,6.3200,6.8100,7.3300,7.6600
1/21/2016,4.6900,4.7700,4.9800,5.3800,5.7400,6.0350,6.3300,6.7800,7.2600,7.6900
1/22/2016,4.7100,4.8100,5.0100,5.3900,5.7400,6.0400,6.3400,6.8200,7.3200,7.5900
1/25/2016,4.6900,4.8000,5.0000,5.3800,5.7000,5.9700,6.2400,6.6700,7.2500,8.3000
1/26/2016,4.6921,4.8010,5.0073,5.3780,5.7005,6.2351,6.6714,7.2481,8.3088,9.8400
1/27/2016,4.7200,4.8200,5.0200,5.3900,5.7300,6.0200,6.3100,6.7800,7.2800,7.6200
1/28/2016,4.7100,4.8100,5.0000,5.3700,5.7100,6.0050,6.3000,6.7700,7.2900,7.7000
1/29/2016,4.6300,4.7500,4.9800,5.4100,5.8000,6.1300,6.4600,6.9500,7.3900,7.3500
2/1/2016,4.7200,4.8300,5.0300,5.4100,5.7500,6.0400,6.3300,6.7800,7.2800,7.7400
2/2/2016,4.7200,4.8300,5.0300,5.4100,5.7500,6.0400,6.3300,6.7800,7.2800,7.7400
2/3/2016,4.8100,4.9000,5.0900,5.4400,5.7600,6.0450,6.3300,6.7900,7.3200,7.7300
2/4/2016,4.8600,4.9500,5.1200,5.4500,5.7500,6.0200,6.2900,6.7400,7.2700,7.7600
2/5/2016,4.8600,4.9500,5.1200,5.4500,5.7500,6.0200,6.2900,6.7400,7.2700,7.7600
2/15/2016,5.0200,4.9300,4.9200,5.2300,5.6700,6.0350,6.4000,6.8100,7.1300,7.8300
2/16/2016,4.7900,4.8900,5.0700,5.4200,5.7500,6.0400,6.3300,6.8000,7.3300,7.7000
2/17/2016,4.7100,4.8200,5.0300,5.4300,5.7800,6.0900,6.4000,6.8800,7.3500,7.4700
2/18/2016,4.7000,4.7900,4.9800,5.3400,5.6800,5.9750,6.2700,6.7600,7.2900,7.6800
2/19/2016,4.6300,4.7200,4.9000,5.2500,5.5900,5.9300,6.2700,6.7800,7.3800,7.5800
2/22/2016,4.5300,4.6300,4.8400,5.2300,5.5900,5.9050,6.2200,6.7500,7.3300,7.7600
2/23/2016,4.5200,4.6200,4.8200,5.1900,5.5400,5.8550,6.1700,6.7000,7.3200,7.9100
2/24/2016,4.5200,4.5600,4.6900,5.0900,5.5100,5.8650,6.2200,6.7100,7.2100,7.7900
2/25/2016,4.4300,4.5400,4.7600,5.1600,5.5300,5.8500,6.1700,6.6900,7.2500,7.6200
2/26/2016,4.4300,4.5400,4.7400,5.1200,5.4800,5.7950,6.1100,6.6400,7.2500,7.8000
2/29/2016,4.4500,4.5500,4.7500,5.1200,5.4600,5.7700,6.0800,6.5900,7.1800,7.6900
3/1/2016,4.4700,4.5700,4.7700,5.1400,5.4800,5.7800,6.0800,6.5900,7.1700,7.7400
3/2/2016,4.4400,4.5500,4.7500,5.1400,5.5000,5.8200,6.1400,6.6700,7.2600,7.7400
3/3/2016,4.4426,4.5475,4.7519,5.1398,5.5000,6.1381,6.6682,7.2647,7.7442,7.7400
3/4/2016,4.4975,4.5543,4.7033,5.0792,5.4817,6.2002,6.7393,7.2738,7.7751,7.7400
3/7/2016,4.5400,4.6400,4.8300,5.1800,5.5000,5.7800,6.0600,6.5300,7.1500,8.1100
3/8/2016,4.6400,4.7300,4.9000,5.2300,5.5400,5.8200,6.1000,6.5900,7.2100,7.8900
3/9/2016,4.6100,4.6500,4.7700,5.1400,5.5400,5.8900,6.2400,6.7500,7.2500,7.7300
3/10/2016,4.4800,4.6000,4.8300,5.2400,5.6000,5.9050,6.2100,6.6700,7.1700,7.7200
3/11/2016,4.4801,4.5986,4.8253,5.2393,5.6050,6.2095,6.6734,7.1740,7.7178,7.7200
3/14/2016,4.4500,4.5700,4.7900,5.2100,5.5900,5.9200,6.2500,6.7700,7.2900,7.5200
3/15/2016,4.5900,4.6800,4.8500,5.1700,5.4800,5.7650,6.0500,6.5500,7.1900,7.9800
3/16/2016,4.5400,4.6300,4.8200,5.1600,5.4900,5.7800,6.0700,6.5700,7.1600,7.7700
3/17/2016,4.5400,4.6400,4.8200,5.1800,5.5000,5.7950,6.0900,6.5900,7.1800,7.7800
3/18/2016,4.5100,4.5000,4.8000,5.1700,5.5100,5.8100,6.1100,6.6100,7.2000,7.8200
3/21/2016,4.5000,4.5900,4.7900,5.1700,5.5100,5.8100,6.1100,6.6100,7.1800,7.7800
3/22/2016,4.5600,4.6100,4.7400,5.1000,5.4800,5.8150,6.1500,6.6700,7.2100,7.7400
3/23/2016,4.4700,4.5800,4.7900,5.1800,5.5300,5.8350,6.1400,6.6400,7.2100,7.7600
3/24/2016,4.4600,4.5700,4.7700,5.1500,5.5000,5.8100,6.1200,6.6300,7.2200,7.6900
3/25/2016,4.4600,4.5700,4.7800,5.1800,5.5300,5.8250,6.1200,6.5900,7.1200,7.7700
3/28/2016,4.5700,4.5700,4.6600,5.0400,5.4900,5.8550,6.2200,6.6500,7.0300,7.9500
3/29/2016,4.4400,4.5500,4.7700,5.1900,5.5600,5.8800,6.2000,6.7100,7.2100,7.4300
3/30/2016,4.4409,4.5546,4.7747,5.1868,5.5619,6.2038,6.7062,7.2105,7.4312,7.4300
3/31/2016,4.5200,4.6200,4.8100,5.1800,5.5200,5.8250,6.1300,6.6400,7.2200,7.7200
4/1/2016,4.5100,4.6000,4.7900,5.1700,5.5300,5.8600,6.1900,6.7500,7.3600,7.6300
4/4/2016,4.5100,4.6100,4.8000,5.1700,5.5100,5.8200,6.1300,6.6600,7.2500,7.7100
4/5/2016,4.5300,4.6200,4.7900,5.1400,5.4800,5.7950,6.1100,6.6600,7.2600,7.5500
4/6/2016,4.5300,4.6200,4.7900,5.1400,5.4800,5.7950,6.1100,6.6600,7.2600,7.5500
4/7/2016,4.5200,4.6300,4.8300,5.2100,5.5600,5.8700,6.1800,6.6800,7.2300,7.5900
4/8/2016,4.5700,4.6000,4.7200,5.1200,5.5500,5.8900,6.2300,6.6900,7.1700,7.7100
4/11/2016,4.5700,4.6700,4.8700,5.2400,5.5800,5.8850,6.1900,6.6900,7.2400,7.6200
4/12/2016,4.6300,4.9000,4.7000,4.9700,5.5300,5.9550,6.3800,6.8400,7.2000,7.4800
4/13/2016,4.6276,4.8999,4.7012,4.9667,5.5306,6.3794,6.8388,7.1968,7.4766,7.4800
4/14/2016,4.7300,4.7000,4.7400,5.0400,5.4900,5.9000,6.3100,6.7300,6.8700,8.3200
4/15/2016,4.6100,4.7100,4.8900,5.2300,5.5500,5.8300,6.1100,6.5800,7.1400,7.7800
4/19/2016,4.6444,4.7273,4.8909,5.2085,5.5124,6.0753,6.5722,7.1801,7.7864,7.7800
4/20/2016,4.6554,4.7408,4.9085,5.2313,5.5377,6.1013,6.6002,7.2291,7.9655,7.7800
4/21/2016,4.6067,4.6967,4.8727,5.2081,5.5220,5.8048,6.0876,6.5736,7.1628,7.8066
4/22/2016,4.6182,4.7008,4.8668,5.1999,5.5292,5.8417,6.1541,6.7029,7.3184,7.6268
4/25/2016,4.7493,4.6673,4.6817,5.0251,5.5106,5.9068,6.3030,6.7050,6.9857,7.9497
4/26/2016,4.5645,4.6633,4.8556,5.2196,5.5565,5.8540,6.1515,6.6447,7.2025,7.6789
4/27/2016,4.5666,4.6633,4.8518,5.2101,5.5439,5.8418,6.1397,6.6424,7.2292,7.7872
4/28/2016,4.5666,4.6632,4.8518,5.2101,5.5439,5.8418,6.1397,6.6424,7.2292,7.7872
4/29/2016,4.5474,4.6460,4.8378,5.1998,5.5339,5.8280,6.1221,6.6097,7.1681,7.6924
5/4/2016,4.5474,4.6461,4.8378,5.1998,5.5339,5.8280,6.1221,6.6097,7.1681,7.6924
5/5/2016,4.7584,4.8221,4.9493,5.2037,5.4580,5.7120,5.9659,6.4731,7.2327,8.4952
5/6/2016,4.5670,4.6722,4.8726,5.2364,5.5557,5.8199,6.0841,6.5023,7.0136,7.8672
5/9/2016,4.7220,4.7837,4.9071,5.1532,5.3989,5.6437,5.8884,6.3756,7.1021,8.3015
5/10/2016,4.7220,4.7837,4.9071,5.1532,5.3989,5.6437,5.8884,6.3756,7.1021,8.3015
5/11/2016,4.5499,4.6443,4.8290,5.1813,5.5112,5.8080,6.1047,6.6111,7.2109,7.7981
5/12/2016,4.5600,4.6515,4.8306,5.1726,5.4934,5.7826,6.0718,6.5672,7.1570,7.7421
5/13/2016,4.6427,4.7167,4.8631,5.1494,5.4271,5.6920,5.9568,6.4527,7.1342,8.1078
5/16/2016,4.6361,4.7068,4.8478,5.1289,5.4087,5.6865,5.9643,6.5146,7.3303,8.6639
5/17/2016,4.5126,4.5997,4.7697,5.0930,5.3950,5.6676,5.9402,6.4151,7.0149,7.7823
5/18/2016,4.4767,4.5669,4.7435,5.0815,5.3996,5.6887,5.9777,6.4802,7.0976,7.7829
5/19/2016,4.4250,4.5199,4.7057,5.0611,5.3952,5.6981,6.0009,6.5252,7.1643,7.8553
5/20/2016,4.4107,4.4326,4.5485,4.9154,5.3188,5.6747,6.0305,6.5844,7.1962,7.8582
5/23/2016,4.3011,4.4041,4.6053,4.9893,5.3487,5.6718,5.9949,6.5462,7.1994,7.8424
5/24/2016,4.2639,4.3763,4.5930,4.9950,5.3584,5.6704,5.9824,6.4912,7.0930,7.8576
5/25/2016,4.2813,4.3837,4.5837,4.9645,5.3202,5.6386,5.9570,6.4959,7.1252,7.7118
5/26/2016,4.2352,4.3443,4.5569,4.9598,5.3335,5.6645,5.9954,6.5464,7.1733,7.7165
5/27/2016,4.2889,4.3913,4.5918,4.9744,5.3330,5.6561,5.9791,6.5324,7.1929,7.8591
5/30/2016,4.3100,4.3521,4.5001,4.8637,5.2717,5.6447,6.0177,6.5651,7.1535,7.6650
5/31/2016,4.3100,4.3521,4.3350,4.7520,5.3220,5.7340,6.1460,6.5651,6.9340,7.6500
6/1/2016,4.1050,4.2233,4.4534,4.8877,5.2881,5.6395,5.9908,6.5680,7.2122,7.7460
6/2/2016,4.1336,4.2462,4.4657,4.8820,5.2684,5.6114,5.9543,6.5279,7.1877,7.7880
6/3/2016,4.1119,4.1808,4.3562,4.7862,5.2380,5.6366,6.0352,6.6312,7.2220,7.7533
6/6/2016,4.1681,4.2642,4.4630,4.8736,5.2803,5.6512,6.0221,6.6247,7.2588,7.7698
6/7/2016,4.2197,4.2900,4.4617,4.8709,5.2956,5.6660,6.0363,6.5816,7.1402,7.8541
6/8/2016,4.1147,4.2231,4.4552,4.8975,5.3003,5.6469,5.9935,6.5538,7.1871,7.8193
6/9/2016,4.1777,4.2561,4.4340,4.8348,5.2465,5.6184,5.9902,6.5766,7.1943,7.7850
6/10/2016,4.2041,4.2664,4.4255,4.8208,5.2441,5.6279,6.0116,6.6041,7.2085,7.7661
6/13/2016,4.0166,4.1409,4.3822,4.8360,5.2521,5.6143,5.9765,6.5649,7.2118,7.7306
6/14/2016,3.9756,4.1108,4.3698,4.8439,5.2648,5.6178,5.9707,6.5285,7.1556,7.8230
6/15/2016,3.9225,4.0648,4.3373,4.8359,5.2782,5.6473,6.0164,6.5922,7.2206,7.8332
6/16/2016,3.8246,3.9869,4.2934,4.8387,5.3029,5.6666,6.0303,6.5544,7.1120,7.9269
6/17/2016,3.7713,3.9537,4.2924,4.8751,5.3486,5.6957,6.0428,6.5081,7.0137,8.0130
6/20/2016,3.8578,3.9998,4.2737,4.7820,5.2401,5.6280,6.0159,6.6214,7.2529,7.7167
6/21/2016,4.0038,4.0685,4.2563,4.7325,5.2127,5.6079,6.0031,6.5735,7.1758,7.8525
6/22/2016,4.0038,4.0685,4.2563,4.7325,5.2127,5.6079,6.0031,6.5735,7.1758,7.8525
6/23/2016,3.9498,4.0767,4.3236,4.7898,5.2200,5.5972,5.9744,6.5924,7.2743,7.7988
6/24/2016,3.9364,4.0661,4.3182,4.7929,5.2292,5.6097,5.9902,6.6088,7.2851,7.7967
6/27/2016,3.9500,4.0786,4.3282,4.7972,5.2272,5.6012,5.9751,6.5821,7.2492,7.7870
6/28/2016,3.8978,4.0499,4.3385,4.8573,5.3057,5.6649,6.0240,6.5562,7.1290,7.8922
6/29/2016,3.9726,4.1119,4.3784,4.8657,5.2968,5.6545,6.0121,6.5652,7.1701,7.8369
6/30/2016,4.0229,4.1466,4.3877,4.8439,5.2659,5.6374,6.0088,6.6187,7.2901,7.7798
7/1/2016,4.0065,4.1338,4.3805,4.8431,5.2661,5.6327,5.9993,6.5920,7.2416,7.7701
7/4/2016,4.0447,4.1680,4.4081,4.8624,5.2824,5.6515,6.0205,6.6242,7.2826,7.7358
7/5/2016,4.0166,4.1399,4.3800,4.8347,5.2554,5.6257,5.9959,6.6035,7.2699,7.7431
7/6/2016,4.0550,4.1785,4.4186,4.8719,5.2898,5.6556,6.0214,6.6173,7.2656,7.7228
7/7/2016,4.1562,4.1957,4.3368,4.7549,5.2244,5.6425,6.0606,6.6740,7.2649,7.7817
7/8/2016,4.0599,4.1848,4.4275,4.8843,5.3039,5.6698,6.0356,6.6306,7.2826,7.7875
7/11/2016,3.9875,4.1206,4.3784,4.8604,5.2992,5.6758,6.0523,6.6490,7.2740,7.6800
7/12/2016,4.0727,4.1319,4.3664,4.8558,5.3056,5.6875,6.0693,6.6690,7.3140,7.8790
7/13/2016,4.0814,4.1557,4.3974,4.8830,5.3190,5.6811,6.0431,6.6026,7.2109,7.8177
7/14/2016,4.0462,4.1596,4.3914,4.8558,5.2976,5.6789,6.0601,6.6458,7.2467,7.7793
7/15/2016,3.9641,4.1012,4.3647,4.8515,5.2880,5.6570,6.0260,6.6072,7.2381,7.8115
7/18/2016,3.9528,4.0296,4.2765,4.7778,5.2352,5.6217,6.0081,6.6117,7.2559,7.8098
7/19/2016,3.9736,4.1031,4.3536,4.8216,5.2470,5.6123,5.9776,6.5592,7.1812,7.6517
7/20/2016,3.9726,4.1022,4.3537,4.8263,5.2595,5.6357,6.0118,6.6194,7.2776,7.7661
7/21/2016,3.9665,4.0980,4.3532,4.8333,5.2737,5.6561,6.0385,6.6546,7.3140,7.7592
7/22/2016,4.0829,4.1120,4.2549,4.7087,5.2081,5.6305,6.0528,6.6457,7.2249,7.8081
7/25/2016,3.9643,4.0933,4.3439,4.8159,5.2498,5.6284,6.0069,6.6221,7.2942,7.7994
7/26/2016,3.9414,4.0592,4.3240,4.8296,5.2842,5.6663,6.0483,6.6433,7.2783,7.8293
7/27/2016,3.9272,4.0253,4.2902,4.8124,5.2844,5.6804,6.0764,6.6905,7.3416,7.9007
7/28/2016,3.9358,4.0356,4.3007,4.8200,5.2861,5.6735,6.0609,6.6540,7.2732,7.7917
7/29/2016,3.9528,4.0690,4.3033,4.7699,5.2209,5.6271,6.0333,6.6904,7.3637,7.7734
8/1/2016,3.9000,3.9800,4.2500,4.7800,5.2500,5.6450,6.0400,6.6400,7.2700,7.8200
8/2/2016,3.9000,4.0400,4.3000,4.8000,5.2500,5.6400,6.0300,6.6600,7.3300,7.7400
8/3/2016,4.0100,4.1000,4.3100,4.7900,5.2900,5.7100,6.1300,6.7500,7.3600,7.9000
8/4/2016,4.0657,4.0890,4.2200,4.6840,5.2371,5.7022,6.1673,6.6713,6.9414,7.4600
8/5/2016,3.9747,4.1048,4.3568,4.8289,5.2598,5.6323,6.0048,6.6047,7.2591,7.7900
8/8/2016,4.0431,4.1348,4.3299,4.7501,5.1843,5.5966,6.0090,6.6966,7.3988,7.7797
8/9/2016,3.9910,4.0786,4.2842,4.7539,5.2282,5.6367,6.0452,6.6477,7.2413,7.7736
8/10/2016,3.8716,4.0150,4.2908,4.8001,5.2564,5.6409,6.0253,6.6256,7.2638,7.8029
8/11/2016,3.8701,4.0072,4.2813,4.7915,5.2483,5.6324,6.0164,6.6158,7.2564,7.8100
8/12/2016,3.8536,3.9965,4.2707,4.7754,5.2262,5.6056,5.9851,6.5811,7.2307,7.8399
8/15/2016,3.8834,4.0281,4.3050,4.8110,5.2581,5.6280,5.9979,6.5666,7.1844,7.8795
8/16/2016,3.8842,4.0051,4.2670,4.7645,5.2135,5.5938,5.9742,6.5750,7.2308,7.8356
8/17/2016,4.0371,4.1377,4.3360,4.7212,5.0914,5.4392,5.7871,6.4237,7.2699,8.3959
8/18/2016,3.8672,3.9982,4.2524,4.7302,5.1686,5.5503,5.9321,6.5534,7.2406,7.8115
8/19/2016,3.8352,3.9705,4.2313,4.7149,5.1511,5.5235,5.8958,6.4935,7.1703,7.9021
8/22/2016,3.8523,3.9820,4.2343,4.7117,5.1531,5.5416,5.9301,6.5694,7.2799,7.8351
8/23/2016,3.8445,3.9777,4.2358,4.7193,5.1611,5.5438,5.9265,6.5461,7.2310,7.8193
8/24/2016,3.7666,3.9181,4.2054,4.7219,5.1688,5.5291,5.8894,6.4348,7.0572,8.0068
8/25/2016,3.7911,3.9165,4.1606,4.6221,5.0486,5.4248,5.8010,6.4295,7.1725,8.0002
8/26/2016,3.7594,3.8874,4.1348,4.5971,5.0193,5.3884,5.7576,6.3758,7.1252,8.0419
8/29/2016,3.7097,3.8481,4.1131,4.6005,5.0371,5.4100,5.7830,6.3928,7.1170,7.9779
8/30/2016,3.6572,3.8086,4.0946,4.6063,5.0491,5.4121,5.7750,6.3487,7.0378,7.9860
8/31/2016,3.6352,3.7886,4.0801,4.6065,5.0658,5.4424,5.8191,6.4033,7.0724,7.9403
9/1/2016,3.6693,3.8174,4.0987,4.6065,5.0486,5.4098,5.7710,6.3313,6.9952,8.0464
9/5/2016,3.6835,3.8268,4.0997,4.5947,5.0297,5.3913,5.7529,6.3283,7.0172,7.9887
9/6/2016,3.6700,3.7900,4.0300,4.4700,4.8900,5.2750,5.6600,6.3200,7.1100,7.9500
9/7/2016,3.6423,3.7690,4.0153,4.4810,4.9120,5.2946,5.6771,6.3236,7.0973,7.9572
9/8/2016,3.6259,3.7669,4.0348,4.5195,4.9450,5.3006,5.6562,6.2350,6.9691,8.1448
9/9/2016,3.6267,3.7580,4.0115,4.4841,4.9142,5.2880,5.6617,6.2819,7.0258,7.9366
9/12/2016,3.5722,3.7313,4.0221,4.5172,4.9295,5.2677,5.6059,6.1751,6.9324,8.0492
9/13/2016,3.5806,3.7238,3.9945,4.4804,4.9030,5.2536,5.6042,6.1742,6.9031,8.0647
9/14/2016,3.6412,3.7656,4.0069,4.4612,4.8800,5.2505,5.6209,6.2481,7.0098,7.9085
9/15/2016,3.6074,3.7271,3.9613,4.4090,4.8294,5.2093,5.5892,6.2430,7.0298,7.8423
9/16/2016,3.5236,3.6605,3.9221,4.3999,4.8235,5.1803,5.5370,6.1146,6.8229,7.8770
9/19/2016,3.5007,3.6347,3.8900,4.3569,4.7752,5.1368,5.4985,6.1051,6.8502,7.7726
9/20/2016,3.5100,3.6300,3.8800,4.3400,4.7700,5.1500,5.5300,6.1700,6.9100,7.6100
9/21/2016,3.4482,3.5795,3.8352,4.3198,4.7693,5.1672,5.5651,6.2278,6.9834,7.6459
9/22/2016,3.3867,3.5398,3.8292,4.3466,4.7915,5.1488,5.5061,6.0514,6.6985,7.7719
9/23/2016,3.3868,3.5314,3.8063,4.3025,4.7354,5.0909,5.4464,6.0035,6.6685,7.6764
9/26/2016,3.3880,3.5336,3.8080,4.2983,4.7238,5.0767,5.4296,6.0016,6.7080,7.6701
9/27/2016,3.3703,3.5083,3.7710,4.2472,4.6655,5.0138,5.3621,5.9216,6.6152,7.7135
9/28/2016,3.4199,3.5269,3.7371,4.1425,4.5278,4.8836,5.2393,5.8730,6.6808,7.6593
9/29/2016,3.3110,3.4198,3.6331,4.0438,4.4335,4.7934,5.1534,5.7985,6.6376,7.7343
9/30/2016,3.2376,3.3569,3.5893,4.0303,4.4412,4.8102,5.1791,5.8161,6.6093,7.5954
10/3/2016,3.2277,3.3441,3.5720,4.0083,4.4188,4.7922,5.1655,5.8198,6.6474,7.6939
10/4/2016,3.2400,3.3622,3.6001,4.0505,4.4690,4.8440,5.2190,5.8664,6.6781,7.7170
10/5/2016,3.2312,3.3441,3.5657,3.9919,4.3961,4.7683,5.1404,5.8021,6.6475,7.6916
10/6/2016,3.2125,3.3169,3.5221,3.9189,4.2980,4.6517,5.0054,5.6495,6.5072,7.6849
10/7/2016,3.2488,3.2861,3.4244,3.8248,4.2555,4.6315,5.0076,5.6154,6.4155,7.6860
10/10/2016,3.1625,3.2705,3.4820,3.8879,4.2718,4.6246,4.9774,5.6058,6.4183,7.4772
10/11/2016,3.1258,3.2387,3.4586,3.8757,4.2642,4.6144,4.9645,5.5762,6.3609,7.4269
10/12/2016,3.1369,3.2417,3.4474,3.8435,4.2201,4.5690,4.9178,5.5469,6.3747,7.4922
10/13/2016,3.1145,3.2164,3.4173,3.8073,4.1814,4.5320,4.8827,5.5219,6.3659,7.4714
10/14/2016,3.1171,3.2290,3.4478,3.8659,4.2590,4.6169,4.9749,5.6043,6.4041,7.4129
10/17/2016,3.1316,3.2372,3.4449,3.8468,4.2308,4.5884,4.9459,5.5923,6.4374,7.5297
10/18/2016,3.1174,3.2262,3.4403,3.8543,4.2496,4.6173,4.9851,5.6484,6.5116,7.6124
10/19/2016,3.0931,3.2073,3.4342,3.8673,4.2724,4.6387,5.0050,5.6462,6.4639,7.5244
10/20/2016,3.1613,3.2218,3.3817,3.7894,4.2322,4.6394,5.0466,5.6995,6.4434,7.3929
10/21/2016,3.1118,3.2204,3.4342,3.8474,4.2419,4.6089,4.9759,5.6385,6.5033,7.6186
10/24/2016,3.0508,3.1703,3.4032,3.8447,4.2560,4.6259,4.9959,5.6383,6.4493,7.4937
10/25/2016,3.0395,3.1585,3.3904,3.8315,4.2438,4.6167,4.9896,5.6418,6.4712,7.5401
10/26/2016,3.0588,3.1744,3.4006,3.8337,4.2420,4.6154,4.9889,5.6497,6.4972,7.5848
10/27/2016,3.1101,3.2003,3.4118,3.8258,4.2211,4.5894,4.9577,5.6241,6.4983,7.6414
10/28/2016,3.1101,3.2003,3.3911,3.7962,4.2079,4.5979,4.9878,5.6712,6.5140,7.5599
10/31/2016,3.1250,3.2303,3.4377,3.8398,4.2250,4.5855,4.9459,5.6020,6.4679,7.6086
11/1/2016,3.1163,3.2232,3.4340,3.8431,4.2356,4.6032,4.9708,5.6392,6.5157,7.6379
11/2/2016,3.0875,3.2051,3.4342,3.8691,4.2749,4.6412,5.0075,5.6478,6.4632,7.5210
11/3/2016,3.1096,3.2206,3.4385,3.8585,4.2577,4.6268,4.9959,5.6567,6.5109,7.5983
11/4/2016,3.1227,3.2330,3.4499,3.8690,4.2688,4.6404,5.0120,5.6824,6.5578,7.6923
11/7/2016,3.1150,3.2480,3.4839,3.8558,4.2245,4.5846,4.9447,5.6305,6.5675,7.7999
11/8/2016,3.1150,3.2481,3.5002,3.9577,4.3662,4.7226,5.0790,5.6938,6.4866,7.5475
11/9/2016,3.1716,3.2888,3.5172,3.9513,4.3564,4.7212,5.0859,5.7187,6.5124,7.5112
11/10/2016,3.1750,3.3096,3.5640,4.0223,4.4264,4.7724,5.1184,5.7051,6.4602,7.4989
11/11/2016,3.2531,3.3770,3.6137,4.0480,4.4389,4.7801,5.1214,5.7073,6.4618,7.4920
11/14/2016,3.2791,3.3894,3.6049,4.0166,4.4035,4.7559,5.1082,5.7286,6.5207,7.5387
11/15/2016,3.2653,3.4006,3.6548,4.1085,4.5059,4.8452,5.1845,5.7608,6.5021,7.5101
11/16/2016,3.3924,3.4976,3.7041,4.1014,4.4784,4.8260,5.1737,5.7942,6.5943,7.6122
11/17/2016,3.4365,3.5391,3.7406,4.1295,4.4999,4.8433,5.1867,5.8039,6.6054,7.6328
11/18/2016,3.4211,3.5711,3.8450,4.3082,4.6889,4.9946,5.3002,5.8069,6.4852,7.5044
11/21/2016,3.4973,3.6366,3.8930,4.3343,4.7066,5.0147,5.3229,5.8395,6.5113,7.4582
11/22/2016,3.5205,3.6575,3.9081,4.3371,4.6986,5.0005,5.3025,5.8173,6.4971,7.4639
11/23/2016,3.4064,3.5485,3.8056,4.2389,4.6012,4.9085,5.2158,5.7598,6.5004,7.5352
11/24/2016,3.4924,3.6148,3.8463,4.2629,4.6287,4.9391,5.2494,5.7710,6.4467,7.4285
11/25/2016,3.3716,3.5552,3.8664,4.3375,4.6947,4.9811,5.2676,5.7696,6.4623,7.4757
11/28/2016,3.6158,3.7104,3.8963,4.2561,4.5999,4.9203,5.2408,5.8222,6.5884,7.6050
11/29/2016,3.6164,3.7140,3.9056,4.2742,4.6240,4.9469,5.2699,5.8481,6.5991,7.5774
11/30/2016,3.6023,3.7017,3.8962,4.2687,4.6201,4.9419,5.2637,5.8347,6.5713,7.5328
12/1/2016,3.5134,3.6576,3.9145,4.3340,4.6717,4.9504,5.2290,5.7276,6.4412,7.5148
12/2/2016,3.5359,3.6753,3.9225,4.3243,4.6493,4.9229,5.1966,5.7004,6.4321,7.5282
12/5/2016,3.5381,3.6785,3.9261,4.3255,4.6465,4.9177,5.1888,5.6927,6.4285,7.5248
12/6/2016,3.5601,3.6946,3.9343,4.3272,4.6482,4.9209,5.1935,5.6969,6.4265,7.5157
12/7/2016,3.5448,3.6747,3.9117,4.3176,4.6627,4.9575,5.2524,5.7702,6.4699,7.4770
12/8/2016,3.6528,3.7436,3.9223,4.2692,4.6020,4.9141,5.2262,5.7962,6.5528,7.5629
12/9/2016,3.5205,3.6585,3.9082,4.3287,4.6796,4.9743,5.2690,5.7820,6.4747,7.4758
12/12/2016,3.5952,3.6965,3.8941,4.2705,4.6232,4.9437,5.2642,5.8290,6.5551,7.5093
12/13/2016,3.5344,3.6840,3.9525,4.3937,4.7464,5.0270,5.3077,5.7843,6.4495,7.4754
12/14/2016,3.6356,3.7470,3.9612,4.3589,4.7194,5.0330,5.3467,5.8738,6.5293,7.4047
12/15/2016,3.6040,3.7663,4.0504,4.4955,4.8332,5.0928,5.3523,5.7984,6.4462,7.4687
12/16/2016,3.7533,3.8655,4.0809,4.4788,4.8366,5.1434,5.4502,5.9542,6.5630,7.3554
12/19/2016,3.7834,3.9891,4.2093,4.5455,4.8473,5.1239,5.4005,5.9013,6.5679,7.4842
12/20/2016,3.9428,4.0276,4.1943,4.5166,4.8243,5.1111,5.3979,5.9180,6.6046,7.5215
12/21/2016,3.6774,3.9271,4.3213,4.6975,4.9542,5.1749,5.3955,5.8098,6.4166,7.4166
12/22/2016,3.9145,4.0074,4.1890,4.5356,4.8610,5.1567,5.4525,5.9722,6.6346,7.4886
12/23/2016,3.8093,4.0029,4.3167,4.7418,5.0169,5.2193,5.4218,5.8244,6.4945,7.5699
12/26/2016,3.9570,4.0419,4.2093,4.5350,4.8485,5.1437,5.4389,5.9810,6.7042,7.6726
12/27/2016,3.9081,4.0041,4.1907,4.5426,4.8684,5.1594,5.4505,5.9539,6.5933,7.4499
12/28/2016,3.8652,3.9818,4.1992,4.5809,4.9064,5.4430,5.8882,6.4778,7.3921,9.8400
12/29/2016,3.8132,3.9727,4.2434,4.6447,4.9334,5.3773,5.7919,6.4487,7.5262,8.4099
12/30/2016,3.8058,3.9712,4.2472,4.6469,4.9322,5.3862,5.8274,6.5168,7.5733,8.3700
1/3/2017,3.9172,3.9983,4.1593,4.4756,4.7829,5.0799,5.3659,5.9025,6.6175,7.5844
1/4/2017,3.8714,3.9675,4.1535,4.5033,4.8264,5.4047,5.9091,6.5592,7.4385,8.1401
1/5/2017,3.8130,3.9368,4.1662,4.5628,4.8939,5.4243,5.8554,6.4378,7.4358,8.5318
1/6/2017,3.9063,3.9894,4.1531,4.4714,4.7777,5.3544,5.8846,6.5952,7.5636,8.2772
1/9/2017,3.8485,3.9441,4.1289,4.4745,4.7915,5.3531,5.8382,6.4637,7.3482,8.1558
1/10/2017,3.7102,3.8886,4.1857,4.6106,4.9043,5.3489,5.7728,6.4547,7.5556,8.4275
1/11/2017,3.7439,3.8958,4.1591,4.5648,4.8679,5.3374,5.7616,6.4203,7.5284,8.4880
1/12/2017,3.7508,3.9783,4.1816,4.4618,4.7129,5.1954,5.6672,6.3637,7.5011,8.6120
1/13/2017,3.8729,3.9445,4.0867,4.3672,4.6425,5.1777,5.6922,6.4257,7.5472,8.5444
1/16/2017,3.7698,3.9185,4.1623,4.5138,4.7740,5.2139,5.6474,6.3298,7.5229,8.7441
1/17/2017,3.8291,3.9103,4.0710,4.3849,4.6888,5.2665,5.8034,6.5315,7.5373,8.2837
1/18/2017,3.7305,3.9240,4.2055,4.5504,4.7924,5.2381,5.6987,6.3946,7.4934,8.4831
1/19/2017,3.9070,3.9824,4.1317,4.4240,4.7079,5.2511,5.7621,6.4696,7.4978,8.3465
1/20/2017,3.9389,4.0054,4.1389,4.4067,4.6749,5.2080,5.7302,6.4777,7.5798,8.4414
1/23/2017,3.9278,3.9942,4.1279,4.3980,4.6705,5.2168,5.7552,6.5246,7.6232,8.3735
1/24/2017,3.8950,3.9698,4.1186,4.4121,4.6997,5.2544,5.7785,6.4997,7.5124,8.2801
2/2/2017,3.9083,3.9781,4.1177,4.3970,4.6755,5.2256,5.7601,6.5164,7.5991,8.3778
2/3/2017,3.9054,3.9784,4.1231,4.4076,4.6855,5.2216,5.7315,6.4477,7.5136,8.4221
2/6/2017,3.9400,4.0100,4.1400,4.4000,4.6600,5.1700,5.6600,6.3900,7.5400,8.6300
2/7/2017,3.8495,3.9186,4.0558,4.3270,4.5939,5.1148,5.6187,6.3426,7.4655,8.4854
2/8/2017,3.7516,3.8678,4.0435,4.2818,4.4898,5.0011,5.6230,6.5486,7.7150,8.4377
2/9/2017,3.7185,3.7812,3.9096,4.1763,4.4518,5.0124,5.5658,6.3499,7.4818,8.3847
2/10/2017,3.6155,3.6807,3.8143,4.0921,4.3803,4.9723,5.5632,6.4037,7.5791,8.4036
2/13/2017,3.5137,3.6329,3.8370,4.1595,4.4311,4.9594,5.5207,6.3709,7.5729,8.4187
2/14/2017,3.5138,3.5918,3.7485,4.0633,4.3779,4.9974,5.5917,6.4143,7.5568,8.3939
2/15/2017,3.4795,3.5610,3.7243,4.0509,4.3752,5.0081,5.6089,6.4301,7.5477,8.3418
2/16/2017,3.6169,3.6866,3.8257,4.1033,4.3799,4.9300,5.4761,6.2877,7.6205,8.9288
2/17/2017,3.4975,3.5899,3.7723,4.1279,4.4708,5.1185,5.7150,6.5127,7.5802,8.3148
2/20/2017,3.6134,3.6996,3.8696,4.2002,4.5185,5.1190,5.6733,6.4224,7.4671,8.2814
2/21/2017,3.6369,3.7220,3.8901,4.2187,4.5368,5.1417,5.7050,6.4717,7.5414,8.3512
2/22/2017,3.6197,3.7083,3.8823,4.2175,4.5365,5.1290,5.6663,6.3830,7.3886,8.2334
2/23/2017,3.6791,3.7386,3.8651,4.1415,4.4383,5.0547,5.6588,6.4822,7.5689,8.3297
2/24/2017,3.6500,3.7200,3.8600,4.1500,4.4400,5.0100,5.5600,6.3500,7.4900,8.3700
2/27/2017,3.7336,3.7979,3.9277,4.1917,4.4599,5.0025,5.5437,6.3292,7.4933,8.3790
2/28/2017,3.5597,3.6510,3.8307,4.1782,4.5102,5.1293,5.6910,6.4322,7.4212,8.1396
3/1/2017,3.6042,3.6892,3.8569,4.1830,4.4970,5.0898,5.6373,6.3784,7.4159,8.2310
3/2/2017,3.6358,3.7230,3.8938,4.2216,4.5324,5.1075,5.6287,6.3282,7.3386,8.2443
3/3/2017,3.7671,3.8318,3.9611,4.2189,4.4757,4.9863,5.4931,6.2462,7.4823,8.6950
3/6/2017,3.6522,3.7341,3.8959,4.2112,4.5159,5.0946,5.6344,6.3764,7.4514,8.3543
3/7/2017,3.6309,3.7250,3.9075,4.2506,4.5672,5.1328,5.6273,6.2808,7.2845,8.3852
3/8/2017,3.6521,3.7337,3.8950,4.2101,4.5151,5.0959,5.6385,6.3835,7.4510,8.3155
3/9/2017,3.7092,3.7862,3.9387,4.2377,4.5287,5.0869,5.6141,6.3479,7.4239,8.3242
3/10/2017,3.6802,3.7592,3.9152,4.2197,4.5145,5.0764,5.6036,6.3343,7.4115,8.3410
3/13/2017,3.7163,3.7918,3.9415,4.2352,4.5217,5.0728,5.5953,6.3263,7.4071,8.3213
3/14/2017,3.7802,3.8532,3.9979,4.2821,4.5592,5.0930,5.6004,6.3144,7.3874,8.3268
3/15/2017,3.6917,3.8645,4.1317,4.4661,4.6753,5.0416,5.4924,6.2862,7.5197,8.4157
3/16/2017,3.6941,3.8503,4.0970,4.4225,4.6426,5.0394,5.5070,6.3027,7.5224,8.4096
3/17/2017,3.8139,3.8762,4.0005,4.2480,4.4941,4.9820,5.4642,6.1771,7.3378,8.4649
3/20/2017,3.7412,3.8140,3.9586,4.2423,4.5186,5.0494,5.5523,6.2570,7.3089,8.2223
3/21/2017,3.7582,3.8308,3.9746,4.2567,4.5315,5.0599,5.5608,6.2624,7.3063,8.2047
3/22/2017,3.7539,3.8281,3.9752,4.2636,4.5444,5.0834,5.5926,6.3008,7.3357,8.1924
3/23/2017,3.7697,3.8435,3.9897,4.2758,4.5540,5.0870,5.5899,6.2904,7.3243,8.2056
3/24/2017,3.7786,3.8543,4.0042,4.2975,4.5820,5.1251,5.6343,6.3355,7.3424,8.1544
3/27/2017,3.7589,3.8395,3.9984,4.3075,4.6052,5.1663,5.6825,6.3738,7.3097,7.9835
3/28/2017,3.8431,3.9126,4.0502,4.3208,4.5849,5.0943,5.5789,6.2603,7.2788,8.1573
3/29/2017,3.9443,4.0011,4.1148,4.3420,4.5691,5.0232,5.4771,6.1574,7.2900,8.4212
3/30/2017,3.8250,3.9054,4.0625,4.3628,4.6456,5.1646,5.6298,6.2490,7.1512,8.0116
3/31/2017,3.7753,3.9232,4.1696,4.5208,4.7617,5.1288,5.4982,6.1428,7.2975,8.3058
4/3/2017,3.6900,3.8500,4.0500,4.6800,4.9000,5.1500,5.4500,6.0300,6.8500,7.4400
4/4/2017,3.7469,3.9120,4.1776,4.5332,4.7633,5.1227,5.5143,6.2030,7.3475,8.2460
4/5/2017,3.8804,3.9548,4.1009,4.3826,4.6511,5.1525,5.6121,6.2379,7.1634,8.0188
4/6/2017,3.8700,3.9500,4.0900,4.3800,4.6500,5.1500,5.6200,6.2500,7.1800,8.0300
4/7/2017,3.8639,3.9389,4.0864,4.3719,4.6454,5.1589,5.6319,6.2761,7.2148,8.0429
4/10/2017,3.9055,3.9722,4.1043,4.3639,4.6170,5.1045,5.5670,6.2145,7.1718,7.9800
4/11/2017,3.9300,3.9900,4.1300,4.3800,4.6300,5.1200,5.5800,6.2500,7.2600,8.1500
4/12/2017,3.7500,3.9300,4.1900,4.5100,4.7300,5.1300,5.5500,6.1800,7.1900,8.1200
4/13/2017,3.8974,3.9654,4.1000,4.3641,4.6213,5.1155,5.5829,6.2345,7.1913,7.9915
4/14/2017,3.8992,3.9660,4.0982,4.3574,4.6098,5.0944,5.5529,6.1931,7.1392,7.9435
4/17/2017,3.7642,3.9139,4.1595,4.5025,4.7365,5.1063,5.4885,6.1304,7.1759,7.9966
4/18/2017,3.7357,3.9046,4.1719,4.5181,4.7344,5.0730,5.4526,6.1197,7.1964,8.0111
4/19/2017,3.9200,3.9900,4.1100,4.3600,4.6100,5.0800,5.5300,6.1600,7.1000,7.9200
4/20/2017,3.8800,3.9500,4.0900,4.3600,4.6200,5.1200,5.5800,6.2200,7.1200,7.8400
4/21/2017,3.8600,3.9300,4.0800,4.3600,4.6300,5.1500,5.6200,6.2600,7.1200,7.7500
4/24/2017,3.8400,3.9400,4.1100,4.4300,4.7000,5.1600,5.5600,6.1000,6.9700,7.8200
4/25/2017,3.7500,3.9300,4.2000,4.5700,4.7900,5.1100,5.4700,6.1000,7.1100,7.8600
4/26/2017,3.8400,3.9900,4.2100,4.5200,4.7500,5.1500,5.5400,6.1200,7.0000,7.7800
4/27/2017,4.0000,4.0700,4.2000,4.4600,4.7000,5.1800,5.6100,6.2000,7.0400,7.7400
4/28/2017,3.8200,4.0000,4.2700,4.6100,4.8400,5.2100,5.5700,6.1200,6.9900,7.7600
5/3/2017,4.0000,4.0700,4.2000,4.4700,4.7200,5.2000,5.6400,6.2300,7.0500,7.6900
5/4/2017,4.0700,4.1300,4.2600,4.5100,4.7500,5.2000,5.6200,6.1900,7.0000,7.6800
5/5/2017,4.2000,4.2600,4.3800,4.6100,4.8300,5.2600,5.6700,6.2400,7.0800,7.7900
5/8/2017,4.0500,4.1800,4.4000,4.7000,4.9000,5.2100,5.5600,6.1700,7.1600,7.9100
5/9/2017,4.1300,4.1900,4.3100,4.5400,4.7700,5.2000,5.6200,6.2100,7.1100,7.8800
5/10/2017,4.1000,4.1600,4.2800,4.5100,4.7400,5.1800,5.5900,6.1700,7.0300,7.7700
5/11/2017,4.0300,4.1100,4.2600,4.5400,4.7900,5.2100,5.5900,6.1000,6.9000,7.7000
5/12/2017,3.9300,4.0700,4.2900,4.6200,4.8400,5.2000,5.5400,6.1200,7.0900,7.8900
5/15/2017,4.0500,4.1200,4.2600,4.5200,4.7700,5.2300,5.6500,6.2000,7.0000,7.7300
5/16/2017,4.0596,4.1234,4.2493,4.4940,4.7297,5.1754,5.5890,6.1549,6.9726,7.6640
5/17/2017,4.0400,4.1000,4.2300,4.4800,4.7200,5.1800,5.6100,6.2000,7.0400,7.7300
5/18/2017,4.0400,4.1000,4.2200,4.4600,4.6900,5.1300,5.5500,6.1200,6.9600,7.6700
5/19/2017,3.9800,4.0500,4.1800,4.4300,4.6800,5.1400,5.5700,6.1600,7.0000,7.6900
5/22/2017,3.9800,4.0400,4.1800,4.4400,4.6900,5.1500,5.5700,6.1400,6.9400,7.6000
5/23/2017,4.1110,4.1609,4.2609,4.4609,4.6611,5.0619,5.4635,6.0670,7.0762,8.0895
5/24/2017,4.0200,4.0800,4.2000,4.4400,4.6800,5.1300,5.5600,6.1600,7.0300,7.7600
5/25/2017,3.8200,3.8900,4.0300,4.3000,4.5600,5.0400,5.4900,6.0900,6.9400,7.6300
5/26/2017,3.7610,3.8717,4.0680,4.3852,4.6379,5.0549,5.4384,6.0160,6.9492,7.7415
5/29/2017,3.7191,3.7320,3.9382,4.3168,4.6090,5.1019,5.5376,6.1232,6.9607,7.6603
5/30/2017,3.6900,3.7700,3.9300,4.2300,4.5200,5.0700,5.5600,6.2000,7.0200,7.5100
5/31/2017,3.7000,3.7800,3.9500,4.2700,4.5700,5.1000,5.5600,6.1300,6.8700,7.4300
6/1/2017,3.7800,3.8500,4.0000,4.2800,4.5600,5.0700,5.5400,6.1600,7.0200,7.6700
6/2/2017,3.8000,3.8600,4.0100,4.3100,4.5900,5.1100,5.5800,6.1900,7.0200,7.6500
6/5/2017,3.6700,3.7600,3.9300,4.2500,4.5500,5.1100,5.6100,6.2500,7.0500,7.5600
6/6/2017,3.6600,3.7600,3.9500,4.2700,4.5600,5.0500,5.4700,6.0500,6.9100,7.6700
6/7/2017,3.6500,3.7500,3.9200,4.2500,4.5500,5.0600,5.5200,6.1400,7.0000,7.6600
6/8/2017,3.6400,3.7200,3.8800,4.1800,4.4700,5.0100,5.5100,6.1700,7.0400,7.6600
6/9/2017,3.6000,3.6900,3.8300,4.1700,4.4700,5.0200,5.5200,6.1600,7.0000,7.6200
6/12/2017,3.5600,3.6400,3.8100,4.1300,4.4300,5.0000,5.5000,6.1600,7.0100,7.5900
6/13/2017,3.7800,3.8300,3.9500,4.1700,4.4000,4.8500,5.3000,5.9700,7.1000,8.2300
6/14/2017,3.5500,3.6300,3.7900,4.1100,4.4200,4.9900,5.4900,6.1500,6.9900,7.6000
6/15/2017,3.5600,3.6300,3.7900,4.1100,4.4200,4.9900,5.4900,6.1400,6.9800,7.5400
6/16/2017,3.5100,3.5900,3.7500,4.0700,4.3700,4.9300,5.4500,6.1200,6.9900,7.5600
6/19/2017,3.4500,3.5500,3.7500,4.1000,4.4200,4.9500,5.3800,5.8800,6.5400,7.1600
6/20/2017,3.5000,3.5800,3.7500,4.0700,4.3700,4.9200,5.4100,6.0300,6.7900,7.2700
6/21/2017,3.5000,3.5800,3.7400,4.0500,4.3400,4.8800,5.3600,5.9800,6.7500,7.2300
6/22/2017,3.4200,3.5200,3.7200,4.0700,4.3800,4.8900,5.3200,5.8800,6.6400,7.2200
6/23/2017,3.4600,3.5500,3.7200,4.0500,4.3400,4.8700,5.3100,5.8500,6.5400,7.1000
6/26/2017,3.4500,3.5400,3.7300,4.0700,4.3600,4.8800,5.3000,5.8500,6.6100,7.2400
6/27/2017,3.4400,3.5500,3.7700,4.1300,4.4300,4.8900,5.2400,5.6700,6.3500,7.0700
6/28/2017,3.5700,3.6400,3.7800,4.0600,4.3200,4.8100,5.2500,5.8400,6.6100,7.1800
6/29/2017,3.5900,3.6600,3.8000,4.0700,4.3200,4.8000,5.2500,5.8400,6.6400,7.2100
6/30/2017,3.4900,3.5800,3.7500,4.0600,4.3600,4.8800,5.3300,5.9000,6.6100,7.1400
7/3/2017,3.4300,3.5500,3.7600,4.1100,4.4100,4.8900,5.2900,5.8200,6.5400,7.1200
7/4/2017,3.5000,3.5900,3.7500,4.0600,4.3500,4.8700,5.3100,5.8700,6.5600,7.0800
7/5/2017,3.5300,3.6000,3.7600,4.0500,4.3200,4.8300,5.2900,5.8800,6.6500,7.1800
7/6/2017,3.4600,3.5500,3.7300,4.0500,4.3500,4.8800,5.3200,5.8700,6.5400,7.0500
7/7/2017,3.5400,3.6100,3.7500,4.0300,4.3000,4.8000,5.2600,5.8600,6.6500,7.1800
7/10/2017,3.4392,3.5298,3.7054,4.0347,4.3364,4.8650,5.3055,5.8312,6.4520,6.9066
7/11/2017,3.3700,3.4700,3.6500,3.9800,4.2700,4.7700,5.2000,5.7400,6.4400,6.9700
7/12/2017,3.3700,3.4500,3.6100,3.9200,4.2000,4.7200,5.1700,5.7400,6.4300,6.9100
7/13/2017,3.2900,3.3700,3.5400,3.8600,4.1600,4.6900,5.1400,5.7000,6.3800,6.8600
7/14/2017,3.2718,3.3603,3.5308,3.8476,4.1353,4.6365,5.0567,5.5704,6.2063,6.6596
7/17/2017,3.3400,3.4200,3.5700,3.8700,4.1400,4.6200,5.0400,5.5500,6.1700,6.6000
7/18/2017,3.3100,3.3900,3.5400,3.8300,4.1000,4.5900,5.0200,5.5600,6.2200,6.6600
7/19/2017,3.1500,3.2400,3.4300,3.7800,4.0900,4.6200,5.0400,5.5200,6.0600,6.4600
7/20/2017,3.1800,3.2700,3.4300,3.7300,4.0100,4.5000,4.9100,5.4300,6.0800,6.5600
7/21/2017,3.2500,3.3200,3.4600,3.7300,3.9900,4.4500,4.8600,5.3700,5.9900,6.4000
7/24/2017,3.1200,3.2200,3.4100,3.7700,4.0800,4.5900,4.9800,5.4000,5.8300,6.1800
7/25/2017,3.2300,3.3200,3.4900,3.8100,4.0900,4.5800,4.9600,5.3900,5.8600,6.1800
7/26/2017,3.0900,3.2300,3.4800,3.8600,4.1500,4.5800,4.9300,5.3600,5.9200,6.2900
7/27/2017,3.2400,3.3300,3.4900,3.7900,4.0700,4.5700,4.9800,5.4700,5.9900,6.2300
7/28/2017,3.2600,3.3500,3.5200,3.8300,4.1100,4.5900,4.9800,5.2400,5.9000,6.1800
7/31/2017,3.1566,3.2935,3.5268,3.8826,4.1528,4.5770,4.9294,5.3770,5.9372,6.2952
8/1/2017,3.1600,3.2900,3.5200,3.8800,4.1500,4.5800,4.9400,5.3800,5.9300,6.2800
8/2/2017,3.2200,3.3100,3.4900,3.8200,4.1200,4.6100,5.0000,5.4200,5.8400,6.0900
8/3/2017,3.2100,3.3000,3.4800,3.8000,4.0900,4.5800,4.9800,5.4200,5.8600,6.1100
8/4/2017,3.1700,3.3000,3.5200,3.8600,4.1300,4.5500,4.9000,5.3500,5.9100,6.2700
8/7/2017,3.2800,3.3600,3.5000,3.7600,4.0400,4.5100,4.9300,5.4500,6.0400,6.3000
8/8/2017,3.1400,3.2700,3.5100,3.8700,4.1400,4.5700,4.9200,5.3700,5.8900,6.2300
8/9/2017,3.2100,3.3100,3.4900,3.8300,4.1400,4.6400,5.0200,5.4500,5.8800,6.1600
8/10/2017,3.2200,3.3200,3.5000,3.8400,4.1400,4.6400,5.0300,5.4600,5.8700,6.1200
8/11/2017,3.2900,3.3700,3.5200,3.8100,4.0800,4.5800,5.0000,5.5300,6.1100,6.3600
8/14/2017,3.2000,3.3000,3.5000,3.8700,4.1900,4.7100,5.1000,5.5000,5.8300,6.0300
8/15/2017,3.2500,3.3500,3.5300,3.8700,4.1700,4.6800,5.0800,5.5200,5.9900,6.2600
8/16/2017,3.2500,3.3500,3.5400,3.8900,4.2000,4.7200,5.1100,5.5300,5.9500,6.2100
8/17/2017,3.1900,3.3400,3.6000,3.9900,4.2800,4.7100,5.0500,5.4700,5.9700,6.2900
8/18/2017,3.2100,3.3500,3.6100,3.9900,4.2800,4.7000,5.0400,5.4500,5.9800,6.3400
8/21/2017,3.3300,3.4200,3.6000,3.9200,4.2200,4.7100,5.1000,5.5300,5.9600,6.2200
8/22/2017,3.3900,3.4700,3.6300,3.9400,4.2200,4.7000,5.1000,5.5700,6.0500,6.2900
8/23/2017,3.3400,3.4400,3.6300,3.9800,4.2900,4.8000,5.1900,5.6000,5.9700,6.2100
8/24/2017,3.2300,3.3900,3.6700,4.0800,4.3800,4.8000,5.1200,5.5200,6.0200,6.3500
8/25/2017,3.5900,3.6600,3.7900,4.0400,4.2900,4.7300,5.1200,5.6200,6.1900,6.4700
8/28/2017,3.4100,3.5700,3.8400,4.2200,4.4900,4.8800,5.2000,5.6100,6.1000,6.4000
8/29/2017,3.5800,3.6800,3.8700,4.2000,4.4900,4.9500,5.3000,5.6900,6.0900,6.3300
8/30/2017,3.6500,3.7300,3.8900,4.1900,4.4500,4.9000,5.2600,5.6600,6.0700,6.3100
8/31/2017,3.6500,3.7300,3.8900,4.1800,4.4500,4.8900,5.2400,5.6400,6.0800,6.3500
9/1/2017,3.6600,3.7300,3.8700,4.1400,4.4000,4.8500,5.2400,5.7100,6.2000,6.3700
9/5/2017,3.6100,3.7000,3.8600,4.1600,4.4300,4.8700,5.2200,5.6100,6.0300,6.3000
9/6/2017,3.6700,3.7400,3.8800,4.1500,4.3900,4.8100,5.1600,5.5800,6.0500,6.3300
9/7/2017,3.6500,3.7100,3.8300,4.0700,4.2900,4.7000,5.0600,5.5300,6.1000,6.4200
9/8/2017,3.6500,3.6900,3.8100,4.0600,4.3000,4.7200,5.0800,5.5200,6.0400,6.3700
9/11/2017,3.6300,3.7000,3.8300,4.0700,4.3100,4.7300,5.0900,5.5500,6.0900,6.4100
9/12/2017,3.6100,3.6800,3.8100,4.0600,4.3000,4.7200,5.0900,5.5400,6.0700,6.3900
9/13/2017,3.5500,3.6200,3.7600,4.0200,4.2600,4.7100,5.1100,5.6100,6.1800,6.4500
9/14/2017,3.6000,3.6600,3.7900,4.0300,4.2500,4.6600,5.0300,5.5000,6.0700,6.4200
9/15/2017,3.6000,3.6600,3.7900,4.0200,4.2500,4.6700,5.0400,5.5200,6.1100,6.4500
9/18/2017,3.5700,3.6300,3.7600,4.0100,4.2400,4.6600,5.0300,5.5000,6.0700,6.4200
9/19/2017,3.5400,3.6100,3.7400,3.9900,4.2300,4.6600,5.0400,5.5200,6.1000,6.4400
9/20/2017,3.5400,3.6100,3.7400,4.0000,4.2400,4.6800,5.0600,5.5200,6.0800,6.4300
9/21/2017,3.5700,3.6300,3.7500,3.9900,4.2200,4.6500,5.0300,5.5100,6.1200,6.4900
9/22/2017,3.5500,3.6200,3.7500,4.0000,4.2300,4.6500,5.0200,5.4900,6.0500,6.4100
9/25/2017,3.5700,3.6300,3.7600,4.0100,4.2400,4.6600,5.0200,5.4800,6.0400,6.3700
9/26/2017,3.5711,3.6335,3.7561,3.9927,4.2178,4.6345,5.0074,5.4873,6.0846,6.4435
9/27/2017,3.5700,3.6300,3.7561,3.9927,4.2178,4.6400,5.0074,5.5000,6.1100,6.4600
9/28/2017,3.5500,3.6200,3.7500,3.9900,4.2300,4.6600,5.0300,5.5100,6.0900,6.4300
9/29/2017,3.6400,3.7000,3.8000,4.0100,4.2200,4.6000,4.9500,5.4400,6.1100,6.6200
10/2/2017,3.5600,3.6200,3.7500,3.9900,4.2200,4.6500,5.0200,5.5000,6.0700,6.4000
10/3/2017,3.7100,3.7600,3.8500,4.0200,4.1900,4.5200,4.8500,5.3100,6.0400,6.7000
10/4/2017,3.5300,3.6000,3.7300,3.9800,4.2200,4.6500,5.0300,5.5100,6.0800,6.4100
10/5/2017,3.7400,3.7800,3.8600,4.0200,4.1800,4.5000,4.8100,5.2800,6.0500,6.7900
10/6/2017,3.5500,3.6100,3.7400,3.9700,4.2000,4.6200,4.9900,5.4700,6.0600,6.4200
10/9/2017,3.5000,3.5700,3.7000,3.9600,4.2000,4.6300,5.0100,5.4700,6.0300,6.3600
10/10/2017,3.4900,3.5500,3.6800,3.9200,4.1600,4.5900,4.9800,5.4800,6.1100,6.4700
10/11/2017,3.4600,3.5200,3.6400,3.8700,4.1000,4.5400,4.9400,5.4700,6.1000,6.4400
10/12/2017,3.4400,3.5000,3.6100,3.8500,4.0800,4.5200,4.9300,5.4600,6.0900,6.4400
10/13/2017,3.4000,3.4600,3.6000,3.8400,4.0800,4.5200,4.9200,5.4400,6.0900,6.4700
10/16/2017,3.3900,3.4600,3.5900,3.8400,4.0800,4.5300,4.9300,5.4400,6.0700,6.4300
10/17/2017,3.3700,3.4400,3.5700,3.8300,4.0700,4.5300,4.9300,5.4500,6.0900,6.4500
10/18/2017,3.3300,3.4100,3.5500,3.8300,4.0900,4.5600,4.9500,5.4200,5.9300,6.1700
10/19/2017,3.4100,3.4700,3.6000,3.8400,4.0700,4.5100,4.9000,5.4100,6.0500,6.4400
10/20/2017,3.3800,3.4500,3.5800,3.8400,4.0900,4.5400,4.9500,5.4700,6.1000,6.4700
10/23/2017,3.3600,3.4300,3.5700,3.8400,4.0900,4.5500,4.9600,5.4800,6.0600,6.4000
10/24/2017,3.4000,3.4700,3.6000,3.8400,4.0800,4.5200,4.9100,5.4300,6.0700,6.4500
10/25/2017,3.4200,3.4900,3.6200,3.8700,4.1100,4.5500,4.9500,5.4500,6.0700,6.4100
10/26/2017,3.4300,3.4900,3.6300,3.8800,4.1200,4.5700,4.9600,5.4600,6.0500,6.3700
10/27/2017,3.4400,3.5100,3.6400,3.8900,4.1200,4.5600,4.9500,5.4400,6.0300,6.3400
10/30/2017,3.4800,3.5400,3.6700,3.9100,4.1400,4.5600,4.9300,5.4000,5.9500,6.2100
10/31/2017,3.4500,3.5200,3.6500,3.9000,4.1400,4.5800,4.9700,5.4700,6.0800,6.4200
11/1/2017,3.4700,3.5200,3.6500,3.9000,4.1400,4.5700,4.9600,5.4500,6.0400,6.3800
11/2/2017,3.4900,3.5600,3.6800,3.9200,4.1400,4.5600,4.9400,5.4200,6.0200,6.3700
11/3/2017,3.4700,3.5400,3.6700,3.9200,4.1500,4.5700,4.9300,5.3800,5.9300,6.2900
11/6/2017,3.4500,3.5100,3.6400,3.8800,4.1200,4.5600,4.9500,5.4400,6.0100,6.3200
11/7/2017,3.4600,3.5200,3.6400,3.8800,4.1100,4.5400,4.9300,5.4200,6.0200,6.3700
11/8/2017,3.4900,3.5500,3.6700,3.9000,4.1200,4.5300,4.9100,5.4200,6.1100,6.6100
11/9/2017,3.4900,3.5500,3.6800,3.9200,4.1400,4.5700,4.9400,5.4300,6.0500,6.4300
11/10/2017,3.4600,3.5300,3.6700,3.9200,4.1700,4.6200,5.0100,5.5000,6.0700,6.3300
11/13/2017,3.5000,3.5700,3.6900,3.9400,4.1700,4.6000,4.9800,5.4600,6.0400,6.3800
11/14/2017,3.5200,3.5800,3.7000,3.9300,4.1600,4.5800,4.9700,5.4700,6.0600,6.3900
11/15/2017,3.5200,3.5900,3.7100,3.9500,4.1700,4.5900,4.9700,5.4600,6.0600,6.4200
11/16/2017,3.6200,3.6700,3.7700,3.9800,4.1800,4.5500,4.9000,5.3700,6.0200,6.5300
11/17/2017,3.5000,3.5700,3.7100,3.9800,4.2300,4.6600,5.0200,5.4400,5.9200,6.2700
11/20/2017,3.5700,3.6300,3.7500,3.9800,4.1900,4.6000,4.9700,5.4500,6.0700,6.4700
11/21/2017,3.5000,3.5700,3.7200,4.0000,4.2500,4.6900,5.0600,5.4800,5.9500,6.2200
11/22/2017,3.6000,3.6600,3.7800,4.0000,4.2200,4.6200,4.9800,5.4600,6.0600,6.4500
11/23/2017,3.6300,3.6900,3.8000,4.0200,4.2300,4.6200,4.9700,5.4300,6.0100,6.3800
11/24/2017,3.6800,3.7200,3.7900,3.9700,4.1800,4.6100,5.0200,5.5400,6.1200,6.4200
11/27/2017,3.6300,3.6800,3.7700,3.9900,4.1800,4.5900,4.9900,5.5000,6.1000,6.4300
11/28/2017,3.6300,3.6800,3.7800,3.9800,4.1800,4.6000,4.9800,5.4900,6.0900,6.4200
11/29/2017,3.6900,3.7400,3.8300,4.0100,4.1900,4.5300,4.8600,5.3200,6.0100,6.6100
11/30/2017,3.6100,3.6600,3.7600,3.9700,4.1800,4.5900,4.9700,5.4700,6.0800,6.4200
12/1/2017,3.5800,3.6300,3.7300,3.9500,4.1600,4.5800,4.9700,5.4700,6.0700,6.4100
12/4/2017,3.5600,3.6200,3.7400,3.9800,4.2100,4.6200,4.9900,5.4600,6.0400,6.3900
12/5/2017,3.5600,3.6300,3.7500,3.9800,4.2000,4.6200,5.0000,5.4800,6.1000,6.4800
12/6/2017,3.5900,3.6500,3.7700,4.0000,4.2100,4.6200,4.9800,5.4600,6.0600,6.4300
12/7/2017,3.5700,3.6300,3.7600,4.0000,4.2200,4.6400,5.0100,5.4800,6.0500,6.3700
12/8/2017,3.6200,3.6700,3.7700,3.9800,4.1800,4.5900,4.9800,5.4800,6.0900,6.4000
12/11/2017,3.5700,3.6300,3.7600,3.9900,4.2100,4.6200,4.9800,5.4400,6.0100,6.3800
12/12/2017,3.6200,3.6600,3.7500,3.9400,4.1400,4.5500,4.9500,5.4700,6.0900,6.4000
12/13/2017,3.5000,3.5600,3.6800,3.9100,4.1300,4.5400,4.9000,5.3700,5.9800,6.3700
12/14/2017,3.4000,3.4600,3.5800,3.8200,4.0400,4.4500,4.8300,5.3300,5.9700,6.4000
12/15/2017,3.4300,3.4600,3.5300,3.7100,3.9200,4.3800,4.8300,5.4000,6.0500,6.3600
12/18/2017,3.3200,3.3800,3.5000,3.7400,3.9700,4.4000,4.7800,5.2900,5.9600,6.4000
12/19/2017,3.2600,3.3300,3.4500,3.7000,3.9300,4.3700,4.7700,5.3000,5.9900,6.4400
12/20/2017,3.2300,3.2900,3.4200,3.6700,3.9100,4.3500,4.7400,5.2500,5.9100,6.3300
12/21/2017,3.1200,3.1900,3.3200,3.5800,3.8200,4.2800,4.7000,5.2400,5.9100,6.3300
12/22/2017,3.0500,3.1000,3.2000,3.4300,3.6800,4.2000,4.6800,5.2600,5.9000,6.2400
12/25/2017,2.9400,3.0100,3.1500,3.4200,3.6800,4.1600,4.5900,5.1500,5.8500,6.2500
12/26/2017,2.9800,3.0000,3.0900,3.3000,3.5700,4.1300,4.6300,5.2000,5.7700,6.0600
12/27/2017,3.1200,3.1800,3.3100,3.5700,3.8000,4.2400,4.6300,5.1300,5.7500,6.1400
12/28/2017,3.0700,3.1400,3.2700,3.5200,3.7600,4.2200,4.6300,5.1700,5.8600,6.3100
12/29/2017,3.1500,3.2200,3.3400,3.5800,3.8000,4.2200,4.6000,5.0900,5.7300,6.1600
1/2/2018,3.2000,3.2600,3.3900,3.6200,3.8400,4.2600,4.6400,5.1400,5.8000,6.2500
1/3/2018,3.3300,3.3800,3.4700,3.6600,3.8400,4.1800,4.5200,4.9800,5.6900,6.3000
1/4/2018,3.2500,3.3100,3.4200,3.6500,3.8600,4.2600,4.6300,5.1100,5.7500,6.1800
1/5/2018,3.2100,3.2700,3.3900,3.6200,3.8400,4.2500,4.6300,5.1300,5.8100,6.2700
1/8/2018,3.2100,3.2700,3.3900,3.6300,3.8600,4.2800,4.6600,5.1600,5.8000,6.1900
1/9/2018,3.2900,3.3300,3.4100,3.5900,3.7900,4.2000,4.6200,5.1600,5.7900,6.1500
1/10/2018,3.0600,3.1400,3.2900,3.5600,3.8200,4.2600,4.6300,5.0600,5.5900,5.9900
1/11/2018,3.2100,3.2300,3.2700,3.4100,3.5900,4.0100,4.4400,5.0100,5.7000,6.1000
1/12/2018,3.0200,3.0700,3.1900,3.4000,3.6200,4.0200,4.3900,4.8900,5.5900,6.1300
1/15/2018,3.1100,3.1400,3.2100,3.3700,3.5500,3.9400,4.3400,4.8300,5.6300,6.1200
1/16/2018,3.1200,3.1700,3.2600,3.4600,3.6400,4.0000,4.3400,4.8000,5.4600,6.0000
1/17/2018,3.1100,3.1500,3.2500,3.4400,3.6200,3.9700,4.3100,4.7900,5.5000,6.1300
1/18/2018,3.1200,3.1600,3.2500,3.4300,3.6000,3.9400,4.2700,4.7300,5.4500,6.1000
1/19/2018,3.0500,3.1000,3.1900,3.3800,3.5500,3.8900,4.2100,4.6300,5.2300,5.6900
1/22/2018,3.0400,3.0900,3.1800,3.3600,3.5400,3.8700,4.1800,4.6100,5.2000,5.6500
1/23/2018,3.0800,3.1100,3.1700,3.3200,3.4700,3.8100,4.1400,4.6100,5.2500,5.6900
1/24/2018,3.0600,3.0900,3.1600,3.3100,3.4700,3.8000,4.1300,4.5900,5.2300,5.7100
1/25/2018,3.0300,3.0700,3.1400,3.2900,3.4500,3.7700,4.0800,4.5300,5.1900,5.7100
1/26/2018,2.8700,2.8900,2.9500,3.0800,3.2300,3.5500,3.8700,4.3200,4.9500,5.4100
1/29/2018,2.6100,2.6600,2.7400,2.9200,3.1000,3.4100,3.7200,4.1300,4.7200,5.1800
1/30/2018,2.5300,2.5800,2.6900,2.8800,3.0600,3.4000,3.6900,4.0700,4.5800,4.9900
1/31/2018,2.6800,2.7100,2.7700,2.9100,3.0600,3.3800,3.6900,4.1200,4.6800,5.0700
2/1/2018,2.6300,2.6700,2.7500,2.9200,3.0900,3.4100,3.7000,4.1200,4.7300,5.2400
2/2/2018,2.6500,2.6900,2.7700,2.9400,3.1100,3.4400,3.7500,4.1900,4.8500,5.4300
2/5/2018,2.6600,2.6900,2.7600,2.9000,3.0600,3.3900,3.7300,4.2100,4.8700,5.3400
2/6/2018,2.5700,2.6000,2.6900,2.8800,3.0700,3.4200,3.7400,4.1800,4.8000,5.2900
2/7/2018,2.6000,2.6500,2.7400,2.9200,3.1000,3.4400,3.7600,4.2000,4.8300,5.3300
2/8/2018,2.6000,2.6500,2.7400,2.9300,3.1100,3.4600,3.7800,4.2100,4.8300,5.3300
2/9/2018,2.5700,2.6300,2.7300,2.9400,3.1300,3.4800,3.7900,4.1900,4.7000,5.0800
2/12/2018,2.6400,2.6900,2.7800,2.9600,3.1400,3.4700,3.7900,4.2200,4.8300,5.3300
2/13/2018,2.5800,2.6300,2.7300,2.9200,3.1000,3.4400,3.7700,4.2100,4.8300,5.3100
2/21/2018,2.5500,2.6000,2.6900,2.8800,3.0500,3.4000,3.7200,4.1800,4.8400,5.3900
2/22/2018,2.6300,2.6400,2.6800,2.8000,2.9500,3.3200,3.7000,4.2200,4.8800,5.3100
2/23/2018,2.5500,2.5800,2.6300,2.7800,2.9500,3.3300,3.7200,4.2300,4.8800,5.3300
2/26/2018,2.4200,2.4500,2.5000,2.6600,2.8600,3.2800,3.6900,4.2100,4.8500,5.2800
2/27/2018,2.3300,2.3900,2.4900,2.7000,2.9000,3.2900,3.6400,4.1300,4.8000,5.3100
2/28/2018,2.3000,2.3600,2.4600,2.6600,2.8600,3.2400,3.5900,4.0800,4.7800,5.3600
3/1/2018,2.3000,2.3600,2.4600,2.6700,2.8600,3.2400,3.5900,4.0800,4.7800,5.3500
3/2/2018,2.3100,2.3500,2.4300,2.6000,2.7800,3.1700,3.5500,4.0700,4.7900,5.3300
3/5/2018,2.2100,2.2600,2.3700,2.5800,2.7800,3.1600,3.5200,4.0200,4.7200,5.2900
3/6/2018,2.2600,2.3100,2.4200,2.6200,2.8100,3.1900,3.5400,4.0200,4.7200,5.2800
3/7/2018,2.3700,2.3900,2.4300,2.5500,2.7100,3.0700,3.4600,4.0400,4.8400,5.3800
3/8/2018,2.4700,2.7000,2.7700,2.5900,2.5600,2.9400,3.5000,4.2200,4.9600,5.3600
3/9/2018,2.5300,2.5200,2.5100,2.5700,2.6900,3.0400,3.4400,4.0500,4.8600,5.4100
3/12/2018,2.1100,2.1700,2.2800,2.5100,2.7300,3.1400,3.5200,4.0400,4.7600,5.3400
3/13/2018,2.1200,2.1800,2.3000,2.5100,2.7500,3.1800,3.5700,4.0900,4.8000,5.3300
3/14/2018,2.1500,2.2000,2.3200,2.5400,2.7600,3.1600,3.5400,4.0500,4.7700,5.3600
3/15/2018,2.1700,2.2200,2.3300,2.5400,2.7500,3.1400,3.5100,4.0300,4.7800,5.3900
3/16/2018,2.2100,2.2400,2.3200,2.4900,2.6900,3.1100,3.5300,4.1200,4.9000,5.4200
3/19/2018,2.1100,2.1700,2.2900,2.5200,2.7500,3.1700,3.5600,4.0800,4.8000,5.3500
3/20/2018,2.0800,2.1400,2.2600,2.4900,2.7200,3.1400,3.5300,4.0600,4.7900,5.3700
3/21/2018,2.1519,2.2079,2.3055,2.4763,2.6484,3.0419,3.4769,4.1009,4.8943,5.3996
3/22/2018,2.0500,2.1200,2.2400,2.4800,2.7100,3.1400,3.5300,4.0700,4.8200,5.4100
3/23/2018,2.0660,2.1263,2.2453,2.4777,2.7026,3.1298,3.5272,4.0680,4.8243,5.4033
3/26/2018,2.0800,2.1370,2.2500,2.4730,2.6890,3.1040,3.4950,4.0370,4.8240,5.4690
3/27/2018,2.1360,2.1690,2.2430,2.4190,2.6190,3.0570,3.4990,4.1090,4.9030,5.4300
3/28/2018,1.9850,2.0520,2.1830,2.4380,2.6820,3.1410,3.5600,4.1190,4.8740,5.4270
3/29/2018,2.0080,2.0710,2.1950,2.4370,2.6700,3.1100,3.5160,4.0660,4.8330,5.4260
3/30/2018,2.0700,2.1400,2.2600,2.5000,2.7400,3.1800,3.5900,4.1300,4.8800,5.4300
4/2/2018,2.1430,2.1880,2.2830,2.4850,2.6980,3.1370,3.5680,4.1620,4.9440,5.4540
4/3/2018,2.0400,2.1100,2.2400,2.4900,2.7300,3.1800,3.5900,4.1400,4.8900,5.4600
4/4/2018,2.0300,2.0990,2.2330,2.4920,2.7390,3.1960,3.6090,4.1520,4.8800,5.4250
4/5/2018,2.0380,2.1030,2.2310,2.4820,2.7230,3.1770,3.5950,4.1550,4.9110,5.4530
4/6/2018,2.1410,2.1840,2.2760,2.4820,2.7050,3.1720,3.6280,4.2400,5.0050,5.4780
4/9/2018,2.0980,2.1630,2.2910,2.5400,2.7790,3.2300,3.6450,4.2010,4.9550,5.4980
4/10/2018,2.0540,2.1230,2.2600,2.5240,2.7760,3.2460,3.6710,4.2280,4.9550,5.4510
4/11/2018,2.1130,2.1490,2.2370,2.4550,2.7060,3.2310,3.7210,4.3270,5.0100,5.4150
4/12/2018,2.1040,2.1320,2.2080,2.4180,2.6740,3.2270,3.7460,4.3720,5.0250,5.3810
4/13/2018,1.9130,1.9940,2.1530,2.4560,2.7400,3.2570,3.7070,4.2700,4.9590,5.4150
4/16/2018,2.0390,2.0600,2.1310,2.3530,2.6320,3.2260,3.7630,4.3950,5.0670,5.4520
4/17/2018,1.9730,2.0210,2.1270,2.3720,2.6430,3.2070,3.7400,4.4100,5.1480,5.5210
4/18/2018,2.0110,2.0610,2.1690,2.4120,2.6760,3.2200,3.7390,4.4060,5.1770,5.5860
4/19/2018,2.0470,2.0890,2.1860,2.4180,2.6790,3.2260,3.7440,4.3930,5.1120,5.4920
4/20/2018,2.0040,2.0570,2.1690,2.4190,2.6870,3.2360,3.7550,4.4160,5.1700,5.5680
4/23/2018,2.0740,2.1250,2.2350,2.4770,2.7360,3.2670,3.7720,4.4230,5.1760,5.5750
4/24/2018,2.0990,2.1470,2.2530,2.4900,2.7490,3.2820,3.7880,4.4340,5.1690,5.5640
4/26/2018,2.1080,2.1580,2.2660,2.5070,2.7680,3.3040,3.8110,4.4560,5.1870,5.5750
4/27/2018,2.0570,2.1330,2.2830,2.5740,2.8520,3.3670,3.8310,4.4330,5.1930,5.6590
5/2/2018,2.1890,2.2460,2.3690,2.6330,2.9130,3.4710,3.9840,4.6180,5.2970,5.6120
5/3/2018,2.1890,2.2680,2.4240,2.7320,3.0310,3.5840,4.0660,4.6500,5.2830,5.5930
5/4/2018,2.1750,2.2590,2.4220,2.7330,3.0250,3.5540,4.0140,4.5830,5.2460,5.6090
5/7/2018,2.2010,2.2560,2.3750,2.6380,2.9190,3.4830,3.9990,4.6230,5.2690,5.5560
5/8/2018,2.1850,2.2440,2.3700,2.6390,2.9200,3.4770,3.9830,4.6000,5.2580,5.5740
5/9/2018,2.1070,2.1890,2.3510,2.6630,2.9570,3.4980,3.9750,4.5770,5.2940,5.6800
5/10/2018,2.1700,2.2170,2.3270,2.5940,2.8920,3.4890,4.0170,4.6300,5.2600,5.5990
5/11/2018,2.0440,2.1260,2.2870,2.5960,2.8910,3.4350,3.9200,4.5420,5.3060,5.7480
5/14/2018,1.9690,2.0610,2.2390,2.5790,2.8970,3.4690,3.9640,4.5780,5.3080,5.7470
5/15/2018,2.0850,2.1230,2.2270,2.5070,2.8300,3.4760,4.0280,4.6480,5.2730,5.6190
5/16/2018,2.0830,2.1260,2.2350,2.5170,2.8390,3.4820,4.0360,4.6600,5.2810,5.6040
5/17/2018,2.1150,2.1600,2.2750,2.5650,2.8910,3.5260,4.0640,4.6640,5.2690,5.6060
5/18/2018,2.1230,2.1650,2.2800,2.5810,2.9160,3.5470,4.0640,4.6350,5.2310,5.5840
5/21/2018,2.0210,2.1070,2.2750,2.6000,2.9080,3.4760,3.9810,4.6220,5.3900,5.8010
5/22/2018,2.1690,2.2360,2.3690,2.6270,2.8770,3.3490,3.7870,4.3780,5.1930,5.7980
5/23/2018,1.9780,2.0740,2.2600,2.6120,2.9370,3.5140,4.0020,4.5930,5.2680,5.6530
5/24/2018,2.1000,2.1210,2.2200,2.5390,2.8990,3.5510,4.0690,4.6430,5.2490,5.6050
5/25/2018,1.9760,2.0700,2.2540,2.6040,2.9290,3.5150,4.0180,4.6330,5.3400,5.7240
5/28/2018,2.0200,2.1120,2.2910,2.6310,2.9500,3.5240,4.0190,4.6280,5.3290,5.7070
5/29/2018,2.0490,2.1400,2.3180,2.6570,2.9740,3.5490,4.0460,4.6610,5.3760,5.7650
5/30/2018,1.9440,2.0490,2.2520,2.6320,2.9810,3.5910,4.0940,4.6780,5.2900,5.5930
5/31/2018,2.0640,2.1410,2.3020,2.6330,2.9630,3.5790,4.1030,4.7070,5.3170,5.6090
6/1/2018,2.0200,2.1200,2.3300,2.7000,3.0500,3.6400,4.1400,4.7100,5.3200,5.6500
6/4/2018,2.1000,2.1990,2.3920,2.7550,3.0880,3.6710,4.1570,4.7300,5.3520,5.6740
6/5/2018,2.0630,2.1660,2.3640,2.7360,3.0760,3.6690,4.1580,4.7260,5.3280,5.6380
6/6/2018,2.1170,2.1890,2.3440,2.6840,3.0290,3.6620,4.1780,4.7430,5.3070,5.6210
6/7/2018,2.0290,2.1320,2.3300,2.7030,3.0450,3.6440,4.1420,4.7240,5.3520,5.6770
6/8/2018,1.9990,2.1040,2.3060,2.6860,3.0350,3.6460,4.1520,4.7440,5.3770,5.6960
6/11/2018,2.0590,2.1520,2.3350,2.6830,3.0110,3.6050,4.1210,4.7560,5.4760,5.8230
6/12/2018,2.0800,2.1690,2.3450,2.6810,2.9990,3.5800,4.0910,4.7280,5.4650,5.8220
6/13/2018,2.1290,2.1860,2.3190,2.6340,2.9750,3.6270,4.1720,4.7700,5.3440,5.6300
6/14/2018,2.0130,2.1170,2.3200,2.7000,3.0480,3.6580,4.1640,4.7570,5.3980,5.7360
6/15/2018,2.1290,2.1860,2.3190,2.6340,2.9750,3.6270,4.1720,4.7700,5.3440,5.6300
6/18/2018,2.0280,2.1330,2.3360,2.7180,3.0690,3.6820,4.1900,4.7830,5.4130,5.7220
6/19/2018,2.0090,2.1160,2.3230,2.7100,3.0640,3.6790,4.1840,4.7650,5.3810,5.7050
6/20/2018,2.0690,2.1400,2.2980,2.6510,3.0150,3.6820,4.2190,4.7980,5.3710,5.6970
6/21/2018,2.2380,2.3100,2.4520,2.7280,2.9960,3.5030,3.9740,4.6120,5.4960,6.1580
6/22/2018,2.0680,2.1340,2.2860,2.6310,2.9930,3.6640,4.2090,4.8000,5.3860,5.7120
6/25/2018,2.0830,2.1490,2.3000,2.6410,2.9990,3.6620,4.2030,4.7890,5.3610,5.6700
6/26/2018,1.9940,2.0950,2.2920,2.6660,3.0140,3.6340,4.1570,4.7750,5.4340,5.7550
6/27/2018,2.0310,2.1250,2.3100,2.6650,2.9980,3.6030,4.1300,4.7800,5.5170,5.8620
6/28/2018,2.0270,2.1230,2.3110,2.6700,3.0060,3.6110,4.1330,4.7730,5.5020,5.8770
6/29/2018,2.0110,2.1110,2.3040,2.6710,3.0120,3.6180,4.1330,4.7530,5.4490,5.8190
7/2/2018,1.9670,2.0770,2.2880,2.6820,3.0420,3.6640,4.1730,4.7560,5.3730,5.7220
7/3/2018,2.1020,2.1460,2.2670,2.5860,2.9450,3.6340,4.1960,4.8040,5.4090,5.7630
7/4/2018,2.1150,2.1530,2.2670,2.5830,2.9460,3.6470,4.2170,4.8220,5.4150,5.7730
7/5/2018,2.1240,2.1690,2.2890,2.6030,2.9580,3.6450,4.2170,4.8410,5.4530,5.7860
7/6/2018,2.1270,2.1720,2.2940,2.6170,2.9790,3.6690,4.2320,4.8390,5.4470,5.8080
7/9/2018,2.1960,2.1620,2.3080,2.6830,3.0450,3.6830,4.2090,4.8230,5.4940,5.8640
7/10/2018,2.1110,2.1760,2.3230,2.6560,3.0060,3.6690,4.2250,4.8450,5.4650,5.8020
7/11/2018,2.1060,2.1760,2.3260,2.6540,2.9940,3.6430,4.1990,4.8350,5.4770,5.8110
7/12/2018,2.1200,2.1910,2.3450,2.6820,3.0290,3.6830,4.2320,4.8480,5.4630,5.7910
7/13/2018,2.0220,2.1270,2.3310,2.7130,3.0630,3.6780,4.1890,4.7960,5.4730,5.8530
7/16/2018,2.1200,2.1910,2.3450,2.6820,3.0290,3.6830,4.2320,4.8480,5.4630,5.7910
7/17/2018,2.1590,2.2170,2.3520,2.6670,3.0070,3.6590,4.2090,4.8250,5.4460,5.7860
7/18/2018,2.0970,2.1930,2.3800,2.7360,3.0660,3.6550,4.1580,4.7700,5.4720,5.8710
7/19/2018,2.1590,2.2390,2.4000,2.7220,3.0390,3.6360,4.1620,4.7940,5.4440,5.7410
7/20/2018,2.1180,2.2170,2.4070,2.7680,3.1020,3.6930,4.1930,4.7930,5.4690,5.8470
7/23/2018,2.3050,2.2550,2.5850,2.8610,3.1000,3.6850,4.2360,4.8550,5.4550,5.7770
7/24/2018,2.6230,2.3740,2.7390,2.9490,3.1290,3.7050,4.2800,4.9140,5.5070,5.8180
7/25/2018,2.4790,2.5570,2.7100,3.0050,3.2840,3.7970,4.2520,4.8280,5.5300,5.9360
7/26/2018,2.5880,2.6600,2.8000,3.0700,3.3290,3.8090,4.2400,4.8000,5.5050,5.9400
7/27/2018,2.6040,2.6730,2.8080,3.0700,3.3210,3.7880,4.2110,4.7650,5.4730,5.9210
7/30/2018,2.5990,2.6690,2.8080,3.0750,3.3300,3.8020,4.2250,4.7720,5.4620,5.8920
7/31/2018,2.8250,2.8500,2.9180,3.1030,3.3290,3.8180,4.2820,4.8520,5.4650,5.7920
8/1/2018,2.8770,2.9390,3.0600,3.2950,3.5200,3.9380,4.3170,4.8110,5.4470,5.8600
8/2/2018,3.1960,3.2340,3.3160,3.4930,3.6820,4.0660,4.4310,4.9050,5.4710,5.8000
8/3/2018,3.2710,3.3200,3.4170,3.6050,3.7860,4.1270,4.4400,4.8570,5.4170,5.8100
8/6/2018,3.4780,3.5230,3.6110,3.7820,3.9470,4.2570,4.5420,4.9220,5.4320,5.7910
8/7/2018,3.5980,3.6400,3.7220,3.8810,4.0340,4.3240,4.5910,4.9500,5.4390,5.7970
8/8/2018,3.6140,3.6580,3.7430,3.9070,4.0640,4.3570,4.6230,4.9700,5.4220,5.7250
8/9/2018,3.6800,3.7160,3.7870,3.9260,4.0620,4.3200,4.5630,4.8980,5.3820,5.7750
8/10/2018,3.7370,3.7600,3.8100,3.9190,4.0370,4.2920,4.5540,4.9380,5.4860,5.8830
8/13/2018,3.6750,3.7120,3.7850,3.9270,4.0650,4.3260,4.5690,4.8980,5.3600,5.7180
8/14/2018,3.7060,3.7400,3.8070,3.9370,4.0650,4.3090,4.5400,4.8630,5.3410,5.7490
8/15/2018,3.7070,3.7420,3.8120,3.9480,4.0800,4.3320,4.5690,4.8970,5.3790,5.7930
8/16/2018,3.7710,3.7940,3.8430,3.9490,4.0650,4.3110,4.5600,4.9150,5.4210,5.8130
8/17/2018,3.8443,3.8771,3.9420,4.0693,4.1930,4.4302,4.6539,4.9647,5.4191,5.7972
8/20/2018,3.9034,3.9366,4.0023,4.1303,4.2541,4.4889,4.7071,5.0041,5.4217,5.7478
8/21/2018,3.8980,3.9369,4.0132,4.1596,4.2982,4.5528,4.7793,5.0712,5.4472,5.7116
8/22/2018,3.8502,3.8868,3.9590,4.0997,4.2353,4.4914,4.7276,5.0447,5.4758,5.7871
8/23/2018,3.7996,3.8455,3.9343,4.1010,4.2547,4.5299,4.7698,5.0781,5.4896,5.8073
8/24/2018,3.8673,3.9021,3.9709,4.1049,4.2339,4.4774,4.7019,5.0038,5.4173,5.7238
8/27/2018,3.8668,3.9111,3.9973,4.1613,4.3145,4.5902,4.8284,5.1231,5.4748,5.6911
8/28/2018,3.8862,3.9342,4.0270,4.2002,4.3580,4.6324,4.8595,5.1294,5.4469,5.6708
8/29/2018,3.9212,3.9644,4.0489,4.2097,4.3602,4.6317,4.8671,5.1601,5.5146,5.7428
8/30/2018,3.9317,3.9769,4.0643,4.2281,4.3781,4.6411,4.8618,5.1297,5.4588,5.7064
8/31/2018,3.9287,3.9743,4.0625,4.2277,4.3788,4.6438,4.8663,5.1365,5.4664,5.7036
9/4/2018,3.9390,3.9799,4.0600,4.2134,4.3580,4.6220,4.8548,5.1505,5.5194,5.7596
9/5/2018,3.5128,3.6045,3.7766,4.0788,4.3309,4.7109,4.9625,5.1802,5.3440,5.5030
9/6/2018,2.9035,3.9545,4.2828,4.1365,4.2607,4.6683,4.9730,5.2511,5.4847,5.6033
9/7/2018,3.8582,3.9034,3.9920,4.1624,4.3237,4.6200,4.8818,5.2125,5.6072,5.8204
9/10/2018,4.0543,4.0885,4.1561,4.2875,4.4138,4.6514,4.8693,5.1595,5.5474,5.8187
9/11/2018,4.0522,4.0886,4.1601,4.2978,4.4284,4.6687,4.8823,5.1574,5.5145,5.7747
9/12/2018,4.0461,4.0705,4.1309,4.2529,4.3699,4.5869,4.7825,5.0407,5.3934,5.6703
9/13/2018,3.9360,3.9713,4.0411,4.1768,4.3077,4.5548,4.7827,5.0895,5.5099,5.8210
9/14/2018,3.8714,3.9056,3.9732,4.1049,4.2320,4.4731,4.6974,5.0044,5.4448,5.8076
9/17/2018,3.7152,3.7523,3.8257,3.9690,4.1078,4.3717,4.6178,4.9541,5.4295,5.8022
9/18/2018,3.7818,3.7849,3.8052,3.8898,4.0135,4.3133,4.6189,5.0144,5.4723,5.7748
9/19/2018,3.7897,3.8180,3.8746,3.9870,4.0987,4.3198,4.5379,4.8594,5.3803,5.8824
9/20/2018,3.7512,3.7874,3.8588,3.9972,4.1301,4.3801,4.6102,4.9209,5.3577,5.7099
9/21/2018,3.7844,3.8190,3.8873,4.0210,4.1509,4.3993,4.6329,4.9564,5.4259,5.8130
9/24/2018,3.7873,3.8224,3.8916,4.0265,4.1567,4.4034,4.6324,4.9438,5.3821,5.7265
9/25/2018,3.8635,3.8904,3.9446,4.0536,4.1633,4.3833,4.6011,4.9177,5.3969,5.7868
9/26/2018,3.8159,3.8489,3.9144,4.0426,4.1672,4.4059,4.6305,4.9414,5.3914,5.7585
9/27/2018,3.7583,3.7940,3.8647,4.0028,4.1367,4.3919,4.6304,4.9575,5.4232,5.7928
